id,short_desc,severity,failure_impact_type,action_urgency_type
134643,[Model Sync] Previously selected model should be remembered,normal,user-facing bug,needs attention soon
209152,[1.5][compiler] different captures for the the same wildcard,normal,user-facing bug,needs attention soon
225602,[Sync view] 'Synchronize' view has a misleading message,minor,user-facing bug,needs attention soon
92546,Ant content type describer activating ant core,normal,user-facing bug,needs attention soon
215805,"[api tooling] incorrect ""type has been removed"" errors",normal,user-facing bug,needs attention soon
259308,can not upgrade from CDT 5.0.2 to CDT 6.0. Broken dependencies,normal,user-facing bug,needs attention soon
130052,[Dialogs] Make tray dialog sash fixed size,minor,user-facing bug,needs attention soon
108789,naming conventions: suggest plural of element type for Collection subtypes,enhancement,non-critical feature request,can wait (low urgency)
60141,AddUnimplemented constructors adds a new line for constructor with no parameters [code manipulation],normal,user-facing bug,needs attention soon
171425,[launching] New fields for launch delegates,trivial,non-critical feature request,can wait (low urgency)
48276,NullPointerException in CDT parser,normal,system failure / crash,immediate action required
290652,unable to load clase org.maven.ide.eclipse.jdt.internal.JDTComiplationParticipant,major,user-facing bug,needs attention soon
108735,[Help][Context] Help view should parse mnemonics from menu labels,normal,user-facing bug,needs attention soon
20115,"""Source | Format"" scrolls to the top of the file",major,user-facing bug,needs attention soon
72818,[Search] Selection Search for Union does not work,normal,user-facing bug,needs attention soon
170973,[Program] Error when opening word and excel documents,normal,user-facing bug,needs attention soon
261296,FIFO file in project directory causes build / search to hang,normal,system failure / crash,immediate action required
70697,[JUnit] JUnit launcher does not run classes that do not have test* methods [JUnit],normal,user-facing bug,needs attention soon
31528,InternalError creating patch,normal,user-facing bug,needs attention soon
36611,Tracker resize events are not sent correctly,minor,user-facing bug,needs attention soon
70990,Uninstall old plugin,enhancement,non-critical feature request,can wait (low urgency)
11612,Agressive clearing of instruction pointer,normal,user-facing bug,needs attention soon
328524,[nls tooling] Properties File editor could escape \ on paste,normal,user-facing bug,needs attention soon
3443,Unused argument/variable warnings shown twice (1GL4OW7),normal,user-facing bug,needs attention soon
49307,blankline in .ssh/known_hosts caused accessing CVS to hangs,normal,system failure / crash,immediate action required
38478,getters/setters: no warning of duplicate methods,normal,user-facing bug,needs attention soon
235021,"[formatter][preferences] ""Use tabs only for leading indentations"" confusing",minor,user-facing bug,needs attention soon
66774,Cold-folding ellipses appear at the end of every import statement,normal,user-facing bug,needs attention soon
34825,Ant Task tree does not refresh after edit and save.,minor,user-facing bug,needs attention soon
37746,Add compare with->menu in package explorer,enhancement,non-critical feature request,can wait (low urgency)
194627,[process] Stopping a debugg session causes all user processes to terminate,major,user-facing bug,needs attention soon
267138,CCombo popup doesn't scroll with CCombo,major,user-facing bug,needs attention soon
220233,Visual 2005 error parser seems to not work.,normal,user-facing bug,needs attention soon
56705,Details pane problem (build M8),normal,user-facing bug,needs attention soon
47583,CVS commit should run in background,enhancement,non-critical feature request,can wait (low urgency)
18795,Extension point for Java decompiler,enhancement,non-critical feature request,can wait (low urgency)
50343,"Java doc does not appear, no source attached",major,user-facing bug,needs attention soon
184605,InvalidThreadAccess in Manifest editor when reacting to model changes,normal,user-facing bug,needs attention soon
31173,[Linked Resources] Specifying file to link could prime the filename to be created,enhancement,non-critical feature request,can wait (low urgency)
8746,Threads showing as suspended when not -- multithreaded app,normal,user-facing bug,needs attention soon
27279,[Keybindings] accelerators don't work on all platforms,critical,system failure / crash,immediate action required
23290,Default JFaceResource fonts need to be updated,normal,user-facing bug,needs attention soon
39849,Unreachable code not detected,normal,user-facing bug,needs attention soon
224279,[concurrency] Query objects in debug view model should call RequestMonitor.done() even when canceled.,minor,user-facing bug,needs attention soon
214724,[Commands] Conflict for 'org.eclipse.team.ui.synchronizeAll' and 'synchronizeLast',normal,user-facing bug,needs attention soon
213700,Eclipse Formatter needs to provide a mechanism to IGNORE line wrapping,enhancement,non-critical feature request,can wait (low urgency)
236341,NPE in AnnotationPainter when using SourceView with no TextEditor,normal,system failure / crash,immediate action required
241002,"Support ""Smart Caret Positioning"" in fields with IDs and Java identifiers",enhancement,non-critical feature request,can wait (low urgency)
195633,CVS team information and CVS directories disappear,normal,user-facing bug,needs attention soon
296018,Allow activating cell editors using the keyboard in variables views.,enhancement,non-critical feature request,can wait (low urgency)
17965,Dav: Poor error handling on folder creation,normal,user-facing bug,needs attention soon
48177,Code formatter preference page: Line wrapping policy should propose No wrapping,normal,user-facing bug,needs attention soon
253086,no error on trailing comma in multi valued element in annotation,normal,user-facing bug,needs attention soon
200573,"[KeyBindings] Keybinding for ""Show History"" doesn't work",normal,user-facing bug,needs attention soon
232197,"Eclipse slows down, itself and system",normal,user-facing bug,needs attention soon
75828,Recursively refresh tags in the event of missing or undefined refresh files,normal,user-facing bug,needs attention soon
7463,Search for implementors fails,normal,user-facing bug,needs attention soon
93252,problem with displaying kannada text,major,user-facing bug,needs attention soon
40138,Incorrect dialog titles for adding / editing tasks / types,normal,user-facing bug,needs attention soon
22651,[Wizards] Font default values for Banner Text/Header Text are swapped,major,user-facing bug,needs attention soon
17821,[Perspectives] Customize Perspective should give visual indication,enhancement,non-critical feature request,can wait (low urgency)
25508,JavaDOC code assist doesn't recognize imports when commenting class,major,user-facing bug,needs attention soon
296819,"Remove use of the word ""profile"" to mean baseline",trivial,non-critical feature request,can wait (low urgency)
35125,"[RC2] ""New->Java->JUnit Test Case"" throws exception",blocker,system failure / crash,immediate action required
7723,Eclipse doesn't fire a Focus Lost event at closing,normal,user-facing bug,needs attention soon
39771,[Live Sync View] Prompt to overwrite should show compare decorator,enhancement,non-critical feature request,can wait (low urgency)
69984,[code assist][preference] Info dialog when using code assist in an editor of a Java file not in a Java project,minor,user-facing bug,needs attention soon
76118,C++ working set members do not persist after they are closed,normal,user-facing bug,needs attention soon
201381,[Undo] Disable undo for resource opperations,enhancement,non-critical feature request,can wait (low urgency)
76523,[Perspectives] [RCP] Provide API to re-layout a perspective,normal,non-critical feature request,can wait (low urgency)
79715,Allow federated search,enhancement,non-critical feature request,can wait (low urgency)
120382,False access restriction warnings,normal,user-facing bug,needs attention soon
229812,[number format detail] Number format detail pane calls a service on a backgroun thread.,major,user-facing bug,needs attention soon
120269,[refactoring] Preview filter combo: selecting an item does not update preview,normal,user-facing bug,needs attention soon
70207,Compare to Head shows Ignored Resources,normal,user-facing bug,needs attention soon
61326,Import features from binary does not put the feature in the workspace folder,normal,user-facing bug,needs attention soon
42403,"Position of ""synchronized"" and ""override/implement"" icons [render]",enhancement,non-critical feature request,can wait (low urgency)
237296,Code Template Editor causes Loop and GUI Freeze on W2K,normal,system failure / crash,immediate action required
72736,[Refactoring] Rename does not check if the scanner is properly configured,normal,user-facing bug,needs attention soon
124973,Problem with Browser removeProgressListener,normal,user-facing bug,needs attention soon
50008,Hide Application Doesn't work,minor,user-facing bug,needs attention soon
95533,Does not highlight currentLine while debugging,critical,system failure / crash,immediate action required
158526,[search] NPE in JavaSearchScope.addEnclosingProjectOrJar(..),normal,system failure / crash,immediate action required
190444,ANT: Using Import function to import a macro breaks some ant editor functionality,normal,user-facing bug,needs attention soon
22233,[Import/Export] Bad message in Import dialog,normal,user-facing bug,needs attention soon
26669,[Editor Mgmt] Add action for maximize/restore current window functionality,enhancement,non-critical feature request,can wait (low urgency)
52003,[Preferences] Main Workbench Pref Page - Keep/next ... no mnemonic,normal,user-facing bug,needs attention soon
11069,Prompting for saving a dirty shared editor inconsistent,normal,user-facing bug,needs attention soon
139697,[JUnit] the number of history items is not correct,trivial,non-critical feature request,can wait (low urgency)
82926,"[EditorMgmt] Ability to ""Pin Editor"" in ""Switch to Editor"" dialog",enhancement,non-critical feature request,can wait (low urgency)
233187,[javadoc] partially qualified inner types  should be warned,minor,user-facing bug,needs attention soon
85352,Self-hosted workspace not picking up product information,major,user-facing bug,needs attention soon
158139,Show inherited members in Outline view,enhancement,non-critical feature request,can wait (low urgency)
168738,ProgressBar does not respect user-defined foreground colors.,major,user-facing bug,needs attention soon
103810,[WorkbenchParts] Sites should release their part after part is disposed,normal,user-facing bug,needs attention soon
41403,Alt Key Does Not Work,major,user-facing bug,needs attention soon
189243,Display the element values of STL containers - at debug time,enhancement,non-critical feature request,can wait (low urgency)
52106,[Wizards] Project creation wizard; existing project; should disable next,enhancement,non-critical feature request,can wait (low urgency)
119109,KeyEvent.doit does not work for a CCombo,normal,user-facing bug,needs attention soon
20283,Emacs keybindings for content assist and parameter info don't work,critical,system failure / crash,immediate action required
91153,[Contributions] Add Actionset only to specified Perspective,enhancement,non-critical feature request,can wait (low urgency)
105942,[1.5][search] search for method declaration does not find overriding with non-matching type variable name,normal,user-facing bug,needs attention soon
62681,Painting cheese in Forms package,normal,user-facing bug,needs attention soon
12279,Java warning and error markers obscure each other,normal,user-facing bug,needs attention soon
51988,[Accessibility] JAWS does not read Eclipse custom tooltips,normal,user-facing bug,needs attention soon
137330,[Commands] remove experimental keys preference page for 3.2,normal,user-facing bug,needs attention soon
30830,StackOverflow on HCR from VariablesView,normal,user-facing bug,needs attention soon
15926,Problems with default JRE and running JRE do not match,normal,user-facing bug,needs attention soon
63600,"Wizard based implementation of equals(), hashcode() and toString() methods in any Java Class.",enhancement,non-critical feature request,can wait (low urgency)
198979,copy address context menu enhancement,enhancement,non-critical feature request,can wait (low urgency)
29592,Add Methods/Layout Menu [render],enhancement,non-critical feature request,can wait (low urgency)
25796,Update to root 1.0.1 does not diable efix,critical,system failure / crash,immediate action required
63521,"Missing configuration option: tab width=8, indent width=4",minor,user-facing bug,needs attention soon
42899,Search: cannot find beyond function body,major,user-facing bug,needs attention soon
51022,Problem with Long,normal,user-facing bug,needs attention soon
178753,Cannot do anything in Run/Debug>Launching>Default Launcher preference page,normal,user-facing bug,needs attention soon
208387,Error message at build startup,normal,user-facing bug,needs attention soon
123111,"Request to create test.xml for each of osgi, runtime and resources test plug-ins",normal,user-facing bug,needs attention soon
11021,add method feature,enhancement,non-critical feature request,can wait (low urgency)
61248,[Workbench] Exceptions on startup in the presentation code will result in a phantom window,major,user-facing bug,needs attention soon
91196,cvs pserver to local gets connection reset by peer,normal,user-facing bug,needs attention soon
23666,copy and pasting types [ccp],enhancement,non-critical feature request,can wait (low urgency)
273349,Generated SimpleMail app shows duplicate features,normal,user-facing bug,needs attention soon
17244,Search Menu - &File and Re&ferences mnemonics clash,minor,user-facing bug,needs attention soon
208433,Launch from Run/Debug settings dialog,enhancement,non-critical feature request,can wait (low urgency)
287028,ErrorDialog with null as Shell crashes,normal,system failure / crash,immediate action required
59339,[Workbench] NPE on shutdown while saving state,critical,system failure / crash,immediate action required
48809,[browser] breaking change - rename LocationEvent.cancel to LocationEvent.doit and reverse boolean meaning,normal,user-facing bug,needs attention soon
146040,"[Workbench] Incomplete schema doc for filesystemSupport, markerImageProviders, markerSupport",normal,user-facing bug,needs attention soon
153242,[misc] Must correctly deprecate org.eclipse.jdt.ui.javadocCompletionProcessor,normal,user-facing bug,needs attention soon
127641,[build path] new java project wizard: help issues,normal,user-facing bug,needs attention soon
274772,lrparser.xlc.ui.preferences they are everywhere,critical,system failure / crash,immediate action required
44170,ITypeHierarchy#getImplementingClasses bug?,normal,user-facing bug,needs attention soon
77548,[Encodings] Cannot open the project's preferences page when running on a 1.5 VM,major,user-facing bug,needs attention soon
50018,update class path  should prompt to save the plugin.xml,minor,user-facing bug,needs attention soon
38427,[breakpoints] class breakpoints - useful new feature,enhancement,non-critical feature request,can wait (low urgency)
308753,[psf] new feature :: be able to spec a custom location to place the download project,enhancement,non-critical feature request,can wait (low urgency)
214522,[Viewers] ComboViewer#insert() silently modifies the selected value,major,user-facing bug,needs attention soon
37761,[content assist][key binding] Up/down key binding should also be honored in code assist,normal,user-facing bug,needs attention soon
28300,[Team Core] Team may not need delta listener,normal,user-facing bug,needs attention soon
9701,NS4: Status line should show topic label,normal,user-facing bug,needs attention soon
100218,unecessary cast in case of boxing,normal,user-facing bug,needs attention soon
48089,[ActivityMgMt] Folders created on an IPageLayout should only be visible if they contain non-placeholder views,normal,user-facing bug,needs attention soon
99981,[WorkbenchParts] Toolbar buttons overlap view subtitle when SWT XP manifest used,normal,user-facing bug,needs attention soon
45714,[CVS UI] Add to CVS Version Control details are not sorted,normal,user-facing bug,needs attention soon
122914,[formatter] Formating java file breaks NLS (//$NON-NLS-1$) comments,normal,user-facing bug,needs attention soon
58220,Unable to remove all error parsers,normal,user-facing bug,needs attention soon
277307,3.5RC1 crashes during build with jdk1.6,major,system failure / crash,immediate action required
28511,java build path: javadoc location specyfying has incostistent explanation,normal,user-facing bug,needs attention soon
71262,Combo boxes ignoring visible item count,normal,user-facing bug,needs attention soon
61224,Parsing Exception during startup,normal,user-facing bug,needs attention soon
202675,Help context with empty description causes NPE,normal,system failure / crash,immediate action required
240397,DVT34: broken link in documentation,minor,non-critical feature request,can wait (low urgency)
312459,Loading browser instance delayed after bug fix 295483,normal,user-facing bug,needs attention soon
43263,cannot programmatically retrieve all text from console,normal,user-facing bug,needs attention soon
128122,Poor error messages which are not logged,normal,user-facing bug,needs attention soon
243809,Incremental build problem with fix for bug 229697,normal,user-facing bug,needs attention soon
69335,[UIForms] Bug/typo in TableWrapLayout,normal,non-critical feature request,can wait (low urgency)
65987,"[Intro] Welcome testing - ""Action not implemented"".",major,user-facing bug,needs attention soon
33167,[DND] Poor support for drag and drop between Eclipse and Linux,normal,user-facing bug,needs attention soon
59378,"[Workbench] 3.0 plug-ins have percents, missing, or incorrect names and version info",normal,user-facing bug,needs attention soon
18896,Need protection in launch configurations,normal,user-facing bug,needs attention soon
94085,Thread receive warning with valid usage!,trivial,non-critical feature request,can wait (low urgency)
157091,should adopt ICU Collator and use new APIs on StructuredViewer,normal,non-critical feature request,can wait (low urgency)
125652,[CommonNavigator] Default filter activations causes failure in OpenTest,normal,user-facing bug,needs attention soon
93105,Remove unnecessary APIs on BindingKey,normal,user-facing bug,needs attention soon
209196,Unused locals in compiler logs for N20071108-0010,normal,user-facing bug,needs attention soon
104225,[CellEditors] Using Viewer for ComboBoxCellEditor,enhancement,non-critical feature request,can wait (low urgency)
23663,[ExternalTools] Color in Log Console incorrect when showing output of selected element,normal,user-facing bug,needs attention soon
172586,Need a way to specify user defined platform properties,normal,non-critical feature request,can wait (low urgency)
5313,Message not clear and workspace does not start up if plug-in does not have version number,normal,user-facing bug,needs attention soon
225440,"MenuDetect events sent with (0, 0) coordinates",normal,user-facing bug,needs attention soon
27154,[Tasks] task list filter - 'limit visible items to' seems to make no sense,normal,user-facing bug,needs attention soon
22976,DCR - warning for unused declarations of thrown exceptions,enhancement,non-critical feature request,can wait (low urgency)
82828,Table's SWT.FULL_SELECTION broken for empty table items,major,user-facing bug,needs attention soon
84088,[registry] JVM terminated. Exit code=13 after update,blocker,system failure / crash,immediate action required
38145,templates: empty lines are ignored,minor,user-facing bug,needs attention soon
178495,[Browser] Control-N from Browser causes multiple errors.,critical,system failure / crash,immediate action required
5190,GC.stringExtent() gives incorrect data for italic fonts,normal,user-facing bug,needs attention soon
328397,Reduce API tools footprint in releng scenarios,normal,performance degradation,needs attention soon
198092,CDT 4.0 plug-ins fail to Import as source project,normal,user-facing bug,needs attention soon
298615,org.eclipse.cdt.utils.CygPath.getFileName() incorrect with spaces in filename,normal,user-facing bug,needs attention soon
60349,[implementation] reduce warnings due to core.runtime deprecations,normal,user-facing bug,needs attention soon
75821,[implementation] Linked mode IExitPolicy: Should first leave mode then apply character,normal,user-facing bug,needs attention soon
21,"[CVS Watch/Edit] ""cvs release"" a project's local workspace (1GBESCM)",normal,user-facing bug,needs attention soon
182842,[patch] Editor pref panels out of date,normal,user-facing bug,needs attention soon
94556,Move instance method active for classes not on build path,normal,user-facing bug,needs attention soon
67813,TableColumn.setAlignment() does not apply to column zero,normal,user-facing bug,needs attention soon
212312,Invisible Shell active after setting invisible in Activate listener,normal,user-facing bug,needs attention soon
133190,Namespace support for the Ant extension points,normal,user-facing bug,needs attention soon
75503,[VM] crash in Scanner.getCurrentIdentifierSource(),normal,system failure / crash,immediate action required
13315,Cannot close the run-time workbench,normal,user-facing bug,needs attention soon
18199,One-click license page,normal,user-facing bug,needs attention soon
70139,tests,normal,user-facing bug,needs attention soon
299651,PlatformURLResourceConnection cannot handle special character % in url,normal,user-facing bug,needs attention soon
279286,Incremental compiler takes too long to react on Cancel,normal,performance degradation,needs attention soon
62628,Rename refactoring does not take mutiple source directories into account when renaming members with default (package) access,normal,user-facing bug,needs attention soon
304537,Error in comparator message,normal,user-facing bug,needs attention soon
223020,ClassCastException when accessing type of typedef,normal,system failure / crash,immediate action required
106384,TVT 3.1 - TCT 478 - String truncation in editor template preferences,major,non-critical feature request,can wait (low urgency)
271001,[Connection] cvs co fails in Eclipse but succeeds on command line,trivial,non-critical feature request,can wait (low urgency)
302562,Rootfiles created in feature customBuildCallbacks not copied to product root directory,normal,user-facing bug,needs attention soon
308128,[Help] In ScopePreferenceDialog checkbox Include results about disabled capabilities does nothing,normal,user-facing bug,needs attention soon
280762,[readme] Add warning about using Windows extraction utility,enhancement,non-critical feature request,can wait (low urgency)
78497,Make CVS log in console link to editor and history,enhancement,non-critical feature request,can wait (low urgency)
230955,[Viewers] Keyboard navigation and Scrolling Column into view,enhancement,non-critical feature request,can wait (low urgency)
9071,Error Objects created in wrong place for code after an #endif,normal,user-facing bug,needs attention soon
315214,Breakpoint with old JRE path behaves strangely,normal,user-facing bug,needs attention soon
182001,Whacky behaviour in the update manager with WPF drop of Eclipse on Windows Vista,major,user-facing bug,needs attention soon
47458,Manual updates are not detected at startup,normal,user-facing bug,needs attention soon
114454,[CellEditors] ColorCellEditor should put the color dialog in a better position,enhancement,non-critical feature request,can wait (low urgency)
54645,Organize Imports: Blank Line between imports of different packages [code manipulation],normal,user-facing bug,needs attention soon
95196,[api] experimental API in org.eclipse.tomcat,normal,user-facing bug,needs attention soon
34389,[DOC] Can't see modules under branches,normal,non-critical feature request,can wait (low urgency)
135575,[content type] Allow multiple DTDs for one content type in XMLRootElementContentDescriber,enhancement,non-critical feature request,can wait (low urgency)
161638,[Repo View] Strange errors when permissions don't allow content fetch,normal,non-critical feature request,can wait (low urgency)
17466,Prompt for targets option,enhancement,non-critical feature request,can wait (low urgency)
292068,[target] Target environment settings not persisted on Mac OS,normal,user-facing bug,needs attention soon
61463,NPE while doing text search and replace,normal,system failure / crash,immediate action required
156132,No timeout when searching for updates of  currently installed features,normal,performance degradation,needs attention soon
220404,[Contributions] Update action extension points to use identifier,normal,user-facing bug,needs attention soon
26421,List hangs on GTK,normal,system failure / crash,immediate action required
40442,Abstract class fails to invoke interface-defined method in 1.4 compliance mode.,normal,user-facing bug,needs attention soon
124018,[Workbench][Commands] Shift key makes part switchers sticky,normal,user-facing bug,needs attention soon
34524,RC2: JVM crashes when attempting to launch file browser,critical,system failure / crash,immediate action required
21481,Resource Patcher dialog has no optimal layout,enhancement,non-critical feature request,can wait (low urgency)
262624,Undo block selection paste only removes one line,normal,user-facing bug,needs attention soon
36848,Support double-click in variable selection dialog,enhancement,non-critical feature request,can wait (low urgency)
107670,[Help] Provide attribute for doc plugin author to indicate navigation entry should open outside of webapp,enhancement,non-critical feature request,can wait (low urgency)
60365,hierarchy view shows some interfaces as classes [type hierarchy],normal,user-facing bug,needs attention soon
110799,[1.5] Raw bindings miss type arguments but sometimes have type parameters,normal,user-facing bug,needs attention soon
88082,ASTParser#createASTs(..) does not use the given progress monitor,normal,user-facing bug,needs attention soon
60097,Testing CDT component owners,normal,user-facing bug,needs attention soon
207569,[Viewers] Different order of creating a table cursor results in not showing an inline editor,normal,user-facing bug,needs attention soon
131469,"[CommonNavigator][Java] ""Package Presentation"" action sometimes has wrong mode",normal,user-facing bug,needs attention soon
160827,[Browser] javascript not correctly initialized/loaded when navigating by clicking,normal,user-facing bug,needs attention soon
69538,NPE Unhandled event loop exception,normal,system failure / crash,immediate action required
60277,[RCP] [intro] RCP workbench does not open intro,normal,user-facing bug,needs attention soon
271362,NPE opening site.xml editor,normal,system failure / crash,immediate action required
8627,method arguments to class in jar,enhancement,non-critical feature request,can wait (low urgency)
90324,[Patch] Applying patch causes exception in M5a,normal,user-facing bug,needs attention soon
212526,[KeyBindings] 'emacs' keyword should link to keys preference page,trivial,non-critical feature request,can wait (low urgency)
67577,Method/Class profiling.,enhancement,non-critical feature request,can wait (low urgency)
74737,[preferences] Displayed tab width preference misleading,minor,user-facing bug,needs attention soon
127504,[Import/Export] Import Existing Projects from zip is confusing when projects are already in workspace,normal,user-facing bug,needs attention soon
42201,ConcurrentModificationException calculating decorator,normal,system failure / crash,immediate action required
209052,[number format detail] Duplicate information can appear in the DSF Detail Pane,normal,user-facing bug,needs attention soon
42052,[preferences] Need public access to Java Editor settings,enhancement,non-critical feature request,can wait (low urgency)
187416,TVT33:TCT238: Truncation error in Language Mappings file properties,major,user-facing bug,needs attention soon
325277,"[disassembly] add IInstruction#getSize() to fill single-instruction gaps, allow large pseudo-mnemonics",normal,non-critical feature request,can wait (low urgency)
143256,eclipse 3.2RC5 hangs on startup,normal,system failure / crash,immediate action required
123535,Add source code statistics support,enhancement,non-critical feature request,can wait (low urgency)
59476,[ViewMgmt] [RCP] Should have an app-level preference for whether detached views are supported,normal,user-facing bug,needs attention soon
87408,Webdav import did not import everything,normal,user-facing bug,needs attention soon
343861,Project should not be required to perform debugging,normal,user-facing bug,needs attention soon
333360,[DOM] eclipse fails to create array binding in this situation,major,user-facing bug,needs attention soon
147325,[Dialogs] Need to set context help IDs,enhancement,non-critical feature request,can wait (low urgency)
143160,Hangs during plugin export,critical,system failure / crash,immediate action required
218712,adding plug-in from CVS broke workspace profile,normal,user-facing bug,needs attention soon
191322,[javadoc] @see or @link reference to method without signature fails to resolve to base class method,normal,user-facing bug,needs attention soon
80626,[1.5] enum types cannot define a compareTo(Object o) method,normal,user-facing bug,needs attention soon
94754,[1.5][compiler] Ambiguous method call is not detected,major,user-facing bug,needs attention soon
7481,JME in compare,normal,user-facing bug,needs attention soon
57785,"New Search: once enabled, cannot be disabled",normal,user-facing bug,needs attention soon
19606,Scoped exception breakpoints disappear randomly,normal,user-facing bug,needs attention soon
96770,Code completion does not work in enum constants,normal,user-facing bug,needs attention soon
14267,Non-reproducible crash on 20020412,major,system failure / crash,immediate action required
75962,[Help] Beef up help preferences.,normal,user-facing bug,needs attention soon
88916,Tabs and spaces don't line up,normal,user-facing bug,needs attention soon
310668,"[LinkedResources] Bad tab order in ""New > Folder"" wizard",minor,user-facing bug,needs attention soon
43333,Rework build options tab to avoid use of working-set refresh variable,normal,user-facing bug,needs attention soon
39318,Live Synch view not used when sharing project,normal,user-facing bug,needs attention soon
14341,Cannot search for German words from the browser,normal,user-facing bug,needs attention soon
80224,"provide quickfix or other help for ""The type ... cannot be resolved. It is indirectly referenced from required .class files"" [quick fix]",enhancement,non-critical feature request,can wait (low urgency)
73661,[Preferences] Need to have field editors use OSGI preferences,enhancement,non-critical feature request,can wait (low urgency)
65641,Rapid pasting causes improper indent of pasted test,normal,user-facing bug,needs attention soon
4014,"Too many names for ""hierarchy"" view (1GFXP2K)",minor,user-facing bug,needs attention soon
11265,Need replacement source locator API,normal,user-facing bug,needs attention soon
46829,[RCP] zip import wizard doen't honor java selection,normal,user-facing bug,needs attention soon
287055,Multiline tooltip for method arguments,normal,user-facing bug,needs attention soon
141395,Selected item lost in Tree,major,user-facing bug,needs attention soon
306680,[build path] UI to configure referenced JARs in Properties > Java Build Path > Libraries,enhancement,non-critical feature request,can wait (low urgency)
91854,Performance issue with WorkbenchIntroManager.showIntro,normal,performance degradation,needs attention soon
18887,'Debug As' drop down menu missing 'Remote Java Application',normal,user-facing bug,needs attention soon
74263,[EditorMgmt] Allow customized matching of editor inputs,enhancement,non-critical feature request,can wait (low urgency)
31948,AntEditor reconciling has broken resolution of external entities,normal,user-facing bug,needs attention soon
58284,"Call to <concat> requires fixlastline attribute setting to ""yes""",normal,user-facing bug,needs attention soon
264098,[IDE] Make org.eclipse.ui.navigator.resources a friend of org.eclipse.ui.ide,normal,user-facing bug,needs attention soon
218137,[ErrorHandling]  Errors for multiple jobs are displayed in many dialogs,normal,user-facing bug,needs attention soon
36275,[java launching] Navigate from launch config to application class,normal,user-facing bug,needs attention soon
34860,JRE container performance problem,normal,performance degradation,needs attention soon
76496,"[Dialogs] ""Open Resource"" folder sorting gets reversed",normal,user-facing bug,needs attention soon
36459,Ant doesn't handle linked files,normal,user-facing bug,needs attention soon
8231,After using fast views entire workbench is unresponsive,major,user-facing bug,needs attention soon
37111,classpath file - java source attachment shouldn't hardcode project name,normal,user-facing bug,needs attention soon
55170,[Colors/Fonts] Changing a font in the Colors and Fonts preference page causes all views and editors to appear active,normal,user-facing bug,needs attention soon
250928,Debug serversocket nulled out,normal,user-facing bug,needs attention soon
49800,AbstractLaunchConfigurationTab makes displaying correct error message tricky,normal,user-facing bug,needs attention soon
80439,[Progress] No way to freeze ProgressMonitor animation from a Job,enhancement,system failure / crash,immediate action required
135574,ClassCastException in LocalHistoryPage.inputSet,normal,system failure / crash,immediate action required
66119,generalize type: interfaces handled incorectly [refactoring],minor,user-facing bug,needs attention soon
3182,CodeCompletion - wrong completion (1FTZBMZ),normal,user-facing bug,needs attention soon
94573,Stepping over an <ant> task causes hang or NullPointerException in some build files,normal,system failure / crash,immediate action required
74455,Race condition with Cygwin CVS client and Eclipse's CVS w/ automatic refresh,normal,performance degradation,needs attention soon
89137,"[JFace] - API Review - ""temporary"" API in AbstractTreeViewer",normal,user-facing bug,needs attention soon
182287,compare editors open separate Find/Replace dialogs and don't follow focus,normal,user-facing bug,needs attention soon
176762,VM slows down due to method entry breakpoint being misplaced,major,user-facing bug,needs attention soon
103636,JDT compiler produces invalid XML,normal,user-facing bug,needs attention soon
37196,Output differences from command line Ant,normal,user-facing bug,needs attention soon
18856,Lose indication of error in Java Breakpoint Properties dialog,normal,user-facing bug,needs attention soon
29433,[EditorMgmt] Would like a way to have project close also minimize all related editors,enhancement,non-critical feature request,can wait (low urgency)
159538,[Trim] 6 test failures in the test suite with examples loaded,normal,user-facing bug,needs attention soon
261783,WatchpointTrigger events don't show the watchpoint's expression,enhancement,non-critical feature request,can wait (low urgency)
136408,Setting classpath on UI thread in TargetPlatformPreferencePage,normal,user-facing bug,needs attention soon
57631,[EditorMgmt] NullPointerException in EditorWorkbook.createControl,major,system failure / crash,immediate action required
26841,Compiler - Does not detect non-visible member type in import,normal,user-facing bug,needs attention soon
154040,"[content assist] ""Content Assist"" window disappears",normal,user-facing bug,needs attention soon
225534,numeric literals unsupported beyond int and float,normal,user-facing bug,needs attention soon
171191,"Require a API to get similar signature for a type from model.dom, dom.ast, parser.ast",enhancement,non-critical feature request,can wait (low urgency)
74195,Allow user to choose the javac declaration to use for import from buildfile,normal,non-critical feature request,can wait (low urgency)
213268,[open plug-in artifact] filter is too stringent,enhancement,non-critical feature request,can wait (low urgency)
4515,Carrots and Anchors (1FV5UKI),normal,user-facing bug,needs attention soon
161790,[Undo] - CopyResourcesOperation should invalidate if source resources are gone,normal,user-facing bug,needs attention soon
301921,eclipse will not open.,major,system failure / crash,immediate action required
218648,[Error Log] Export Log... always exports the first error,normal,user-facing bug,needs attention soon
70915,[spell checking][preferences] editors do not update after spell check preference change,minor,user-facing bug,needs attention soon
60468,Text-/Java-Editor's Find-Replace dialog does not memorize the replace value,minor,user-facing bug,needs attention soon
247827,Plug-In Manifest editor -> depenencies -> plugin selection -> Improve responsiveness,enhancement,non-critical feature request,can wait (low urgency)
296414,Buttons with accelerator keys refuse to respond to mouse clicks,major,user-facing bug,needs attention soon
313975,The Core Resources API should support adding 'permanent' properties to the .project file,normal,user-facing bug,needs attention soon
171670,[typing] Shift Left/Right in Text Editor scrolls viewport,normal,user-facing bug,needs attention soon
303370,Creating an event breakpoint leaves you with a disabled element in the Breakpoints views,normal,user-facing bug,needs attention soon
7730,Error message on deleting a project with extra files needs to be reworded,normal,user-facing bug,needs attention soon
21005,[Team Core] silent walkback attributed to team,normal,user-facing bug,needs attention soon
112586,[api] add support for toggling folding for IJavaElement's,enhancement,non-critical feature request,can wait (low urgency)
148364,Tree with MULTI | FULL_SELECTION does not show focus ring,normal,user-facing bug,needs attention soon
295573,IDE Hangs on paste from one java file to another,normal,system failure / crash,immediate action required
211520,[CommonNavigator] Save disabled when Project Explorer view has focus,normal,user-facing bug,needs attention soon
288565,[Widgets] Table shows wrong text in second and third columns,normal,user-facing bug,needs attention soon
13551,Launch not removed from Debug view if already running error encountered,normal,user-facing bug,needs attention soon
245790,Add a template variable ${clipboard},enhancement,non-critical feature request,can wait (low urgency)
155352,"Enable ""Properties..."" button for multiple selected Imported Packages",enhancement,non-critical feature request,can wait (low urgency)
48465,Search refuses 'whole word' when punctuation used,minor,user-facing bug,needs attention soon
22125,Permit suppression of parentheses insertion in code assist,enhancement,non-critical feature request,can wait (low urgency)
20400,Fully qualified class names break visibility in WSWB 1.0.,normal,user-facing bug,needs attention soon
134589,allow model driven selection/expansion restoration,enhancement,non-critical feature request,can wait (low urgency)
26220,Run With...,normal,user-facing bug,needs attention soon
125361,spelling error in Configure Details Area dialog,trivial,non-critical feature request,can wait (low urgency)
131788,[Sync Info] CVS unmaps project when project directory is missing,minor,user-facing bug,needs attention soon
77800,[Encoding] Wrong information shown in encoding properties dialog,major,user-facing bug,needs attention soon
247216,Display.post(Event) - problem with ALT+SHIFT+INSERT,normal,user-facing bug,needs attention soon
248163,NPE in Element.asType(),normal,system failure / crash,immediate action required
53658,GTK: List should not pre-select item if setSelection is not called,normal,user-facing bug,needs attention soon
5523,"Add ""Finds Strings To Externalize"" to Java project and source folder",minor,user-facing bug,needs attention soon
231265,[override method][code generation] allow to enter new methods at the current cursor location,enhancement,non-critical feature request,can wait (low urgency)
110807,Need way to access compilation errors from Compiler,normal,user-facing bug,needs attention soon
75779,Order of perspectives lost between sessions,normal,user-facing bug,needs attention soon
34710,Stop auto building of java files,normal,user-facing bug,needs attention soon
88712,[Refactoring] Add new super-class,enhancement,non-critical feature request,can wait (low urgency)
187562,CommonNavigator is not documented,normal,user-facing bug,needs attention soon
206750,[JUnit] Running JUnit tests in ANT should bring up the JUnit UI,enhancement,non-critical feature request,can wait (low urgency)
32126,Text selection in 'Edit Template' dialog behaves oddly,minor,user-facing bug,needs attention soon
151765,[generate constructor]  doesn't respect the formatter settings,normal,user-facing bug,needs attention soon
184609,TreeLayout doesn't let you resize columns,normal,user-facing bug,needs attention soon
189732,Ambiguous accelerator key in OSGi launch dialog,normal,user-facing bug,needs attention soon
48315,LaunchView thread timer runs too long,normal,performance degradation,needs attention soon
5838,[Navigation] Should support both a step into and step over,enhancement,non-critical feature request,can wait (low urgency)
310162,Out of memory in c++ parser,critical,system failure / crash,immediate action required
35417,"""Replace With"" menu is empty when no provider",normal,user-facing bug,needs attention soon
17981,Cycle Actions do not work in German,critical,system failure / crash,immediate action required
155068,"unable to checkout module, suspect JDK bug",major,user-facing bug,needs attention soon
198081,Problem with code completion and nested classes,normal,user-facing bug,needs attention soon
241870,C/C++ Project View does not support Drag and Drop from 3rd party plugin using PluginTransfer,normal,user-facing bug,needs attention soon
177019,Add WPF build,normal,user-facing bug,needs attention soon
98754,[Contributions] View sites are returning disposed contribution items,normal,user-facing bug,needs attention soon
243845,API Tooling tags for org.eclipse.compare.patch.* in org.eclipse.compare.core,trivial,non-critical feature request,can wait (low urgency)
70487,TVT3.0: NL Fragment build tool to pick up gif files.,normal,user-facing bug,needs attention soon
94277,Cannot change build command,normal,user-facing bug,needs attention soon
45025,Hang on file copy/paste from Package Explorer,normal,system failure / crash,immediate action required
32216,SearchMarker exception found in .log,normal,user-facing bug,needs attention soon
237022,StackOverflowError when opening class in jar,normal,system failure / crash,immediate action required
291073,JVM Crash when printing to console: SIGSEGV native frame [libglib-2.0.so.0+0x6a2f0]  g_utf8_offset_to_pointer+0x20,critical,system failure / crash,immediate action required
7217,manifest editor UI inconsistent and confusing,normal,user-facing bug,needs attention soon
31833,wrong background for separator label on MacOS X,normal,user-facing bug,needs attention soon
33238,Support reruning a test suite [JUnit],enhancement,non-critical feature request,can wait (low urgency)
110096,"[DnD] Dragging a file over to an editor opens an editor where current editor has focus, not where it was dragged",minor,user-facing bug,needs attention soon
65690,[ViewMgmt] Multiple Views don't care of the perspective layout.,normal,user-facing bug,needs attention soon
108581,[navigation] Double click selects too much,minor,user-facing bug,needs attention soon
24660,Warnings for non-externalized strings,enhancement,non-critical feature request,can wait (low urgency)
274102,Funny feature name for API tools feature,normal,user-facing bug,needs attention soon
34327,Update (P.3.) Feature Install wizard: usability,enhancement,non-critical feature request,can wait (low urgency)
6018,No way to delete custom perspectives,enhancement,non-critical feature request,can wait (low urgency)
25147,Can't seem to cancel JRE search,major,user-facing bug,needs attention soon
231696,[ds] Refactoring Messages fields,normal,user-facing bug,needs attention soon
250485,[EditorMgmt] Status message from active editor is hidden when Eclipse started,normal,user-facing bug,needs attention soon
164797,[Viewers] [Snippet] Show how to avoid scrolling when Viewer refreshes in 3.2,normal,user-facing bug,needs attention soon
51859,[expressions] Multiple watch (expressions) views,enhancement,non-critical feature request,can wait (low urgency)
154241,NPE in RCPTestSuite,major,system failure / crash,immediate action required
188821,SAXParserFactory getFactory service considered harmful?,normal,user-facing bug,needs attention soon
112611,Deadlock in SuperTypeHierarchyCache while coding,critical,system failure / crash,immediate action required
169125,Make IDE#saveAllEditors work for logical models,major,user-facing bug,needs attention soon
275018,[Markers] Problems View / Configure Contents dialog should support rename,normal,user-facing bug,needs attention soon
320346,Test,normal,user-facing bug,needs attention soon
148370,[formatter] new Class<?>[] {} kills formatter,normal,user-facing bug,needs attention soon
233283,search engine returns emtpy search results,normal,user-facing bug,needs attention soon
73104,[format] indentation amount tied to tab size,enhancement,non-critical feature request,can wait (low urgency)
264085,[target] can't edit the location location,normal,user-facing bug,needs attention soon
271530,[Wizards] Wizard progress label not cleared between runnables,normal,user-facing bug,needs attention soon
105393,Tree widget does not update rollover tooltip when an item changes text.,normal,user-facing bug,needs attention soon
196538,[Viewers] AbstractTreeViewer.getTreePathFromItem fails because of Assert,normal,user-facing bug,needs attention soon
140980,[recovery] ClassCastException from JDT compiler,normal,system failure / crash,immediate action required
33079,[JUNIT]Shell.isVisible returns false after shell.setVisible(true) called,normal,user-facing bug,needs attention soon
52802,Refresh in JUnit view,minor,user-facing bug,needs attention soon
87666,"[Workbench] Menu items that open new shell should have ""..."" in their name",trivial,non-critical feature request,can wait (low urgency)
92282,Console lags behind output,blocker,system failure / crash,immediate action required
51290,Java Browsing selection should be updated when CU is reconciled,minor,user-facing bug,needs attention soon
249011,implement focus ring,normal,user-facing bug,needs attention soon
128451,likely error in ControlEditor,normal,user-facing bug,needs attention soon
316822,menu icon size should use system icon size,normal,user-facing bug,needs attention soon
68840,Source not found on Console hyperlink for Separate VM builds,normal,user-facing bug,needs attention soon
74992,Provide logical structure API base for Java,enhancement,non-critical feature request,can wait (low urgency)
167668,[Viewers] Changing logical structures using the Show Structure As..  menu breaks view,normal,user-facing bug,needs attention soon
6548,Missing mnemonics in Debug preferences,normal,non-critical feature request,can wait (low urgency)
228132,no welcome note and am not able to create a project,normal,user-facing bug,needs attention soon
318778,AntiAlias doesn't work with Clipping,normal,user-facing bug,needs attention soon
85686,Specific System Library is not stored for project in some case,normal,user-facing bug,needs attention soon
186079,java.lang.NoClassDefFoundError occurred when try to compile JSP file in PDE develope env,blocker,system failure / crash,immediate action required
52952,show all env vars when replacing environment,enhancement,non-critical feature request,can wait (low urgency)
14797,NumberFormatException if cancel Go to line in console,normal,system failure / crash,immediate action required
239303,"CDT cannot parse ""int test[2][2] = { { }, { } };"" as an array declarator, when it should.",normal,user-facing bug,needs attention soon
171634,[formatter] doesn't add line feed at end of file,normal,user-facing bug,needs attention soon
38741,Typo in Javadoc for MarginPainter,normal,non-critical feature request,can wait (low urgency)
311183,additional plug-in in feature launch gets silently removed,normal,user-facing bug,needs attention soon
116881,[Forms] Scrolling in forms leaves major cheese,major,user-facing bug,needs attention soon
181610,"Trim end-line whitespace, replace tabs/spaces with spaces/tabs",enhancement,non-critical feature request,can wait (low urgency)
268492,during share of web dynamic project the project occures twice in the view,normal,user-facing bug,needs attention soon
256153,Need API for disabled project builders,enhancement,non-critical feature request,can wait (low urgency)
128815,Assertion failures in log,normal,system failure / crash,immediate action required
48812,[Dialogs] Increasing Font Size on Windows truncates dialogs/wizard pages,major,user-facing bug,needs attention soon
18069,cancelling causes internal error but nothing in log,normal,system failure / crash,immediate action required
294233,"[content assist] ""Insert best guessed arguments"" doesn't work.",normal,user-facing bug,needs attention soon
238179,API to disallow workspace modification during JDT/Core operations,enhancement,non-critical feature request,can wait (low urgency)
56084,IllegalArgumentException deleting lines from a text file,major,system failure / crash,immediate action required
47522,Default launch directory project property,enhancement,non-critical feature request,can wait (low urgency)
307219,[package explorer] When adding jar files to the build path they disappear from project file folders,normal,user-facing bug,needs attention soon
24733,Help text is wrong,normal,user-facing bug,needs attention soon
6827,"Delete project reports ""internal errors"" with normal use case",normal,system failure / crash,immediate action required
135736,[KeyBindings] Keys preferences dialog extraordinarily slow,normal,performance degradation,needs attention soon
105263,[BIDI] need to add $nl$/ to icon paths for reversed icons,normal,user-facing bug,needs attention soon
47795,NPE selecting method in anonymous 2 level deep,normal,system failure / crash,immediate action required
15416,Classpath container - need to set value even if not referenced,normal,user-facing bug,needs attention soon
294769,[navigation] Open Implementation should also work on type names (esp. interfaces),enhancement,non-critical feature request,can wait (low urgency)
160034,[breakpoints] Status display,enhancement,non-critical feature request,can wait (low urgency)
103055,[Indexer] reduce use of getFileForLocation while indexing,normal,user-facing bug,needs attention soon
207340,PDE Binary build should exclude package-info classes and javadoc doc-files,normal,user-facing bug,needs attention soon
55140,Build hangs if running on separate VM that is older than 1.4,major,system failure / crash,immediate action required
178355,Shell w/o SWT.MAX covers taskbar when maximized,normal,user-facing bug,needs attention soon
13521,[CVS Sync View] 7 second delay in sync view,normal,performance degradation,needs attention soon
236837,Complete build without changes,major,user-facing bug,needs attention soon
41243,GTK-BIDI: RTL support in List,normal,user-facing bug,needs attention soon
67825,[browser] browser crashes on jdk 1.5 beta applets,critical,system failure / crash,immediate action required
24024,[Viewers] Error in Javadoc for AbstractTreeViewer::setAutoExpandLevel(),normal,user-facing bug,needs attention soon
21980,[View Mgmt] DCR: 4-way sash drag cursor,enhancement,non-critical feature request,can wait (low urgency)
239902,Runtime parameter overwriten by launch parameter from product,normal,user-facing bug,needs attention soon
70765,[Intro] TVT3.0:  Split words on welcome page,critical,system failure / crash,immediate action required
56826,"""Clean"" dialog enablement with Java editor with focus",normal,user-facing bug,needs attention soon
204692,PDE Export does not support pack200,enhancement,non-critical feature request,can wait (low urgency)
65093,Labels truncated too short on templates page of plugin wizards.,minor,user-facing bug,needs attention soon
129290,[quick fix] Assign to new... for arrays,enhancement,non-critical feature request,can wait (low urgency)
6235,Issues regarding to DialogUnits,normal,user-facing bug,needs attention soon
225950,[junit] JUnit 4 container has no source,normal,user-facing bug,needs attention soon
212022,Export and Import of user-defined key binding,enhancement,non-critical feature request,can wait (low urgency)
26199,Error on startup - Executable extension definition not found,normal,user-facing bug,needs attention soon
89671,Creating new plug-in project with view has no extensions,normal,user-facing bug,needs attention soon
54757,Restart dialog; layout problems,normal,user-facing bug,needs attention soon
45141,Broken new code formatter,normal,user-facing bug,needs attention soon
68754,Text Edtor (Java?): Save All not accessible,normal,user-facing bug,needs attention soon
124861,Dynamic Dependencies find a project for import-package that does not export the package,normal,user-facing bug,needs attention soon
33142,Hyperlink Navigation: Why is Shift  not possible?,normal,user-facing bug,needs attention soon
62114,[Dialogs] Text does not change color when READONLY is false,trivial,non-critical feature request,can wait (low urgency)
21873,Enancment: Package view display packages as tree,enhancement,non-critical feature request,can wait (low urgency)
209633,[jar exporter] also show currently closed projects listed in the .jardesc file,normal,user-facing bug,needs attention soon
34518,Java Applet: doesn't use the specified java executable,normal,user-facing bug,needs attention soon
21638,Second startup trying to restore welcome editor,normal,user-facing bug,needs attention soon
109491,Exception in log,minor,system failure / crash,immediate action required
6483,Freeze when right-clicking to view hierarchy on type,major,system failure / crash,immediate action required
18606,[CVS UI] Replace with Version: more than one runnable?,normal,user-facing bug,needs attention soon
53174,I18N: CDT Debug can't find a non-ascii filename,major,user-facing bug,needs attention soon
134852,Eclipse Source Build 3.2M6 Does not build (eclipse-sourceBuild-srcIncluded-3.2M6.zip),blocker,system failure / crash,immediate action required
198740,Add toString method,enhancement,non-critical feature request,can wait (low urgency)
123787,[Patch] Apply Patch error handling for invalid formats,normal,user-facing bug,needs attention soon
6097,The inspector is not refresh,normal,user-facing bug,needs attention soon
323402,Open external location in Problems View throws exception when file is not there,normal,system failure / crash,immediate action required
10127,Key bindings don't work when stopped at first breakpoint,normal,user-facing bug,needs attention soon
69637,[CheatSheets] TVT3.0: Problem executing CVS Tasks cheat sheet,major,user-facing bug,needs attention soon
3581,Auto-move causes too many builds (1GCV109),critical,system failure / crash,immediate action required
42834,Enumerator is not a field,normal,user-facing bug,needs attention soon
330680,"Refactoring Signature Preview bg color is changed to default, hard to read with light syntax coloring",normal,user-facing bug,needs attention soon
252094,IOConsole Updater error [included simple program demonstrating issue],major,user-facing bug,needs attention soon
160683,instructions in generateParser.html incomplete,minor,user-facing bug,needs attention soon
39303,Live Synch view: only show conflicts,normal,user-facing bug,needs attention soon
20946,[ExternalTools] Rename tool file/project breaks tool,normal,user-facing bug,needs attention soon
184188,[Manifest][Editors] Deleting library from 'Runtime Information' section of 'Build' page causes NPE,normal,system failure / crash,immediate action required
322725,Content type of .cproject should be XML by default,normal,user-facing bug,needs attention soon
316620,reorganize build directory so only essential content is sent to mirrors,normal,user-facing bug,needs attention soon
272502,Deprecate IProduct,normal,user-facing bug,needs attention soon
267979,[Reference] org.eclipse.ui.splash missing from the API reference,normal,user-facing bug,needs attention soon
23410,"Show ""No source"" if source locator returns null.",enhancement,non-critical feature request,can wait (low urgency)
93140,Search for main methods can use smaller scope,normal,user-facing bug,needs attention soon
162230,Indexer stack overflow with Windows SDK,normal,user-facing bug,needs attention soon
219424,[Parser] bindings for names resolved via using declarations,normal,user-facing bug,needs attention soon
245183,[Databinding] ObservableList could do a == check before delegating to the wrapped list,normal,user-facing bug,needs attention soon
132028,[Jave Compiler Preference Page] Checkbox requires 2 clicks to enable fields,normal,user-facing bug,needs attention soon
210747,[Viewers] AbstractTreeViewer.remove() fails to remove plus sign,normal,user-facing bug,needs attention soon
28062,Text field in dialog doesn't get focus,normal,user-facing bug,needs attention soon
175957,Bring back the alt-shift-R keybinding for rename,normal,user-facing bug,needs attention soon
10152,Computing hierarchy of IResource is slow,normal,performance degradation,needs attention soon
14045,Deadlock exiting workspace,normal,system failure / crash,immediate action required
47451,The Software Update has a problem when it is configurated with HTTP proxy.,normal,user-facing bug,needs attention soon
150109,404 Error when attempting to mirror Eclipse Platform Update site,normal,user-facing bug,needs attention soon
196832,Direct import does not override access restrictions on indirect import,normal,user-facing bug,needs attention soon
102528,Updates don't work in 3.1,major,user-facing bug,needs attention soon
51285,[find/replace] Find Dialog obscures found item,enhancement,non-critical feature request,can wait (low urgency)
26550,[Wizards] New wizard: double click on a category node should expand it,normal,user-facing bug,needs attention soon
197077,[Schema][Editors] Read-only description section is writable,normal,user-facing bug,needs attention soon
227764,Create an RSS feed for platform builds,normal,user-facing bug,needs attention soon
48451,Error Log dialog has OK and Cancel buttons,normal,user-facing bug,needs attention soon
210972,[Webapp] Infocenter sends bad redirect URLs in proxy environment,major,user-facing bug,needs attention soon
72883,java.lang.NoClassDefFoundError: org/eclipse/jdt/core/dom/Modifier on Copy(CRTL+C) action,normal,system failure / crash,immediate action required
205194,[ErrorHandling] [StatusHandling] StatusAdapter needs Action and Explanation constants,normal,user-facing bug,needs attention soon
295988,CDI Exception in VariableManager.udpate prevents all other updates,major,user-facing bug,needs attention soon
204192,[WorkbenchParts] NullPointerException in WorkbenchWindow.hardClose,normal,system failure / crash,immediate action required
72708,[Search] Search for references of pure virtual method yields no results,major,user-facing bug,needs attention soon
3719,"DCR - ""Create In "" in Hierarchy View (1GE91UD)",major,non-critical feature request,can wait (low urgency)
74504,Close parenthesis option does no longer work,normal,user-facing bug,needs attention soon
35576,Quickfix corrections not available in all cases [quick fix],enhancement,non-critical feature request,can wait (low urgency)
70629,[J2SE 5] JDI support for extensible connectors,enhancement,non-critical feature request,can wait (low urgency)
7865,Double-click selection is broken for strings,normal,user-facing bug,needs attention soon
181899,CVS History wrongly ordered,normal,user-facing bug,needs attention soon
69129,Code formatter should provide the following options,normal,non-critical feature request,can wait (low urgency)
326741,Problem with Applications Objects Refreshing in RTL mode.,normal,user-facing bug,needs attention soon
46729,Platform extension point doc is missing,normal,user-facing bug,needs attention soon
266241,Investigate the need of PDETextHover,normal,user-facing bug,needs attention soon
68281,GTK PPC: Eclipse crashes with some gtk elements,major,system failure / crash,immediate action required
229589,[jar export] Runnable JAR exporter should also work JUnit launch configs,enhancement,non-critical feature request,can wait (low urgency)
294405,[DataBinding] Array data binding is missing,normal,user-facing bug,needs attention soon
76835,[prefs] Resources plug-in should use new preferences,normal,user-facing bug,needs attention soon
53265,[SWT Examples] Image Analyzer crashed when tried to open JPEGs on HP-UX 11i,normal,system failure / crash,immediate action required
44770,[Working Sets] Closed projects are not kept when editing working sets,normal,user-facing bug,needs attention soon
231915,[Perspectives] TVT34:TCT216: Hew: Bidi problem in perspective titles,normal,user-facing bug,needs attention soon
13720,Breakpoint ruler actions do not work on class files with source,normal,user-facing bug,needs attention soon
36402,[misc] Create Spell Checker Plug-in,enhancement,non-critical feature request,can wait (low urgency)
330362,Filtering (narrow down feature like quick outline) must be enabled in bookmarks and tasks view,enhancement,non-critical feature request,can wait (low urgency)
68318,[Intro] Word broken accross two lines on Welcome page,normal,non-critical feature request,can wait (low urgency)
49063,"Refactor/Rename... Preview dialog does not have a ""Back"" button.",enhancement,non-critical feature request,can wait (low urgency)
105583,Change the way build-user.xml is loaded,enhancement,non-critical feature request,can wait (low urgency)
94903,Error setting method breakpoint in 1.5 project,normal,user-facing bug,needs attention soon
102476,GC drawing problems,normal,user-facing bug,needs attention soon
251596,[Forms] Cocoa is ugly using Forms,major,user-facing bug,needs attention soon
71648,JavaScript error when viewing JDK JavaDoc classes,major,user-facing bug,needs attention soon
79381,"The memory view is ghosted/blank when the GDB console selected via ""Debugger process""",minor,user-facing bug,needs attention soon
21750,Plugin disabled after Feature update,critical,system failure / crash,immediate action required
170365,[hashcode/equals] Templates for Generate hashCode() and equals(),enhancement,non-critical feature request,can wait (low urgency)
139149,Progress dialog blocks password dialog,normal,security vulnerability,immediate action required
75846,Support for programmatic addition of breakpoint groups.,enhancement,non-critical feature request,can wait (low urgency)
229924,[Content Assist] allow auto-trigger on identifier part,enhancement,non-critical feature request,can wait (low urgency)
128044,heavy repaint-problems,major,performance degradation,needs attention soon
168081,[Progress] Show actual progress in view icon,enhancement,non-critical feature request,can wait (low urgency)
78768,[EditorMgmt]  wrapped tab interface for editor area,enhancement,non-critical feature request,can wait (low urgency)
252083,C/C++ Project Build Properties,normal,user-facing bug,needs attention soon
126302,eclipse drag and drop support for the edit area,enhancement,non-critical feature request,can wait (low urgency)
240919,Launch Config tab setDirty should update the LCD,enhancement,non-critical feature request,can wait (low urgency)
35277,leak in pde editor,critical,system failure / crash,immediate action required
225734,[misc] IInformationPresenterExtension should not be deprecated,normal,user-facing bug,needs attention soon
60203,Launch job waiting forever,normal,user-facing bug,needs attention soon
262710,[Language Extension] support for EPIC (pulse programming in C),enhancement,non-critical feature request,can wait (low urgency)
40221,[Live Sync View] Conflicting deletion not cleared,normal,user-facing bug,needs attention soon
339867,Getter setter methods should be renamed along with data member rename,enhancement,non-critical feature request,can wait (low urgency)
25647,Add Ant View to Eclipse,normal,user-facing bug,needs attention soon
285649,TVT35:TCT394: KOR: Duplicated mnemonics in context menu,normal,user-facing bug,needs attention soon
305118,"""Add include"" does not work if cpp file has references to needed include.",major,user-facing bug,needs attention soon
30565,[Open Modes] right click on resource counts as double click,normal,user-facing bug,needs attention soon
263872,[Contributions] NPE when switching tabs; unsure of cause,normal,system failure / crash,immediate action required
109080,managed-build: per-folder settings,normal,user-facing bug,needs attention soon
24445,Performance issues on Solaris Motif,normal,performance degradation,needs attention soon
68767,"Syntax Highlighting for ""undefined"" Ant properties in editor",enhancement,non-critical feature request,can wait (low urgency)
109383,Dependency weirdness with I20050906-0800/N20050912-0010,normal,user-facing bug,needs attention soon
59050,Dead lock in JavaReconciler,critical,system failure / crash,immediate action required
248248,Wrong invalid id reference reported,major,user-facing bug,needs attention soon
91446,platform touches/reads too many Manifest.mf file,normal,user-facing bug,needs attention soon
53142,ClassCastException determining properties for top level code assist,normal,system failure / crash,immediate action required
214146,Typedef in a .cc file affects other .cc files,normal,user-facing bug,needs attention soon
104014,Scanner doesn't handle ampty argument for function macros,normal,user-facing bug,needs attention soon
158052,Tree crashes when item.dispose() called during SetData callback,normal,system failure / crash,immediate action required
208626,[KeyBindings] Mnemonic gets hidden if there is existing Alt key binding,normal,user-facing bug,needs attention soon
14453,Remove InfixExpression.Operator.INSTANCEOF operator,normal,user-facing bug,needs attention soon
277735,[relengtool] Copyrights not updated if first line does not match company name in template,normal,user-facing bug,needs attention soon
49841,[typing] Auto indentation is turned off when editing java source for some time,normal,user-facing bug,needs attention soon
231449,First Table Row Justification Wrong,normal,user-facing bug,needs attention soon
3037,Core error compiling a java class (1GEJK8Q),major,user-facing bug,needs attention soon
96067,[Workbench] Startup progress reporter dialog unresponsive,normal,user-facing bug,needs attention soon
214634,[api tooling] polish API profile creation wizard,normal,user-facing bug,needs attention soon
47875,Java search: too many cascading menus,normal,user-facing bug,needs attention soon
323583,"Add ""EE"" as keyword to get the 'Execution Environment' preference page",trivial,non-critical feature request,can wait (low urgency)
34749,Hiding empty parent packages in Java Browsing perspective [browsing] [package explorer],enhancement,non-critical feature request,can wait (low urgency)
139684,[typing] Can not undo 'Surround with' when undo size is 1,normal,user-facing bug,needs attention soon
90232,GridLayout unnecessarily accounts for scrollbars and borders in child control,normal,user-facing bug,needs attention soon
52083,[Workbench] active Editor and View tabs should change text colors,normal,user-facing bug,needs attention soon
244984,adding super interface to interface does not create errors,normal,user-facing bug,needs attention soon
237325,[commands] CommandCache.isTargetAvailable/setContextAvailable don't work correctly with non-stop multithreading.,normal,user-facing bug,needs attention soon
342253,SWT.EMBEDDABLE Composites should be reusable after embedded client has disappeared,normal,user-facing bug,needs attention soon
35662,If you are in the debugger and click on a variable with a large toString() Eclipse and X11 Crash,major,system failure / crash,immediate action required
47641,[Tasks] Error in log when selecting problem in Problems View,normal,user-facing bug,needs attention soon
94303,import static adds annoying semicolon,minor,user-facing bug,needs attention soon
252875,move org.eclipse.build.tools to separate project,normal,user-facing bug,needs attention soon
23124,"Presentation of ""no source""",enhancement,non-critical feature request,can wait (low urgency)
34165,Manifest builder should keep build.properties and plugin.xml in sync or at least mark inconsistencies,enhancement,non-critical feature request,can wait (low urgency)
259617,[debug] Better support for Collections in Variable and Expression view,normal,user-facing bug,needs attention soon
69190,NullPointerException @ org.eclipse.debug.core.sourcelookup.containers.AbstractSourceContainer.isFindDuplicates,normal,system failure / crash,immediate action required
67289,UIPerformChangeOperation swallows exception stacktrace [refactoring],normal,user-facing bug,needs attention soon
47607,Add editing in alternate concrete syntax [misc],enhancement,non-critical feature request,can wait (low urgency)
89515,[content assist][5.0] Vararg parameter completion appears in 1.4 code [code assist],normal,user-facing bug,needs attention soon
61859,M8 update doesn't contain core components,normal,user-facing bug,needs attention soon
8921,DCR - Need a way to create a working copy ignoring existing files,normal,non-critical feature request,can wait (low urgency)
97461,[Preferences] Keys preference preference page not usable in High Contrast,normal,user-facing bug,needs attention soon
38526,[Bookmarks]Bookmarks view table contains empty first line,minor,user-facing bug,needs attention soon
333778,[Compatibility] 'Breakpoints' view auto shows selection,normal,user-facing bug,needs attention soon
44568,[Managed Build] -Xlinker option requires space separator,normal,user-facing bug,needs attention soon
339311,[Progress] Every user-job causes a busy cursor to be shown for a minimum of 250ms,normal,user-facing bug,needs attention soon
248246,[dom] Save participant fails when 'new' keyword is used twice,normal,user-facing bug,needs attention soon
180347,F2 to rename files?,enhancement,non-critical feature request,can wait (low urgency)
204573,[Contributions] Calling UIElement#setChecked(true) at IElementUpdater#updateElement(*) executes the handler,normal,user-facing bug,needs attention soon
194759,[CTabFolder] Text (filename) wrapping in tabs,enhancement,non-critical feature request,can wait (low urgency)
129338,"cvs-compare: ""first bytes differ at position 0""",critical,system failure / crash,immediate action required
68424,[Intro] using static home page causes IllegalArgumentException,major,system failure / crash,immediate action required
187904,[tests] Infrastructure for writing unit tests for standard MI-back end service implementations.,enhancement,non-critical feature request,can wait (low urgency)
159004,Relax restriction on StandardVMRunner,enhancement,non-critical feature request,can wait (low urgency)
118252,Request for automatic inclusion of relevant globals in Variables view,enhancement,non-critical feature request,can wait (low urgency)
183090,[Presentations] CTabFolder throws IAE called from PaneFolder,major,user-facing bug,needs attention soon
133534,[5.0][hovering] Missing Javadoc hover on package declarations,minor,user-facing bug,needs attention soon
43523,[MPE] getAdapter(IEditorStatusLine.class) not working for MultipageEditor,normal,user-facing bug,needs attention soon
214853,Menu bar changes when open a dialog in eclipse,normal,user-facing bug,needs attention soon
296982,org.junit4 is still in test framework,normal,user-facing bug,needs attention soon
16034,"comment templates for ""Generate Getter and Setter"" [code manipulation]",enhancement,non-critical feature request,can wait (low urgency)
256986,[Templates] org.eclipse.pde.ui.newExtension extension point is not 'identifier-ready',normal,user-facing bug,needs attention soon
11345,Setting a project's launch configuration type causes NPE,normal,system failure / crash,immediate action required
290985,Code completion alternatives do not update upon user input,normal,user-facing bug,needs attention soon
33061,[Webapp] Switching 'Contents' looses tree state,enhancement,non-critical feature request,can wait (low urgency)
121569,"[Import/Export] Importing projects in workspace, the default build order is alphabetical instead of by dependency",normal,user-facing bug,needs attention soon
156452,[Metadata] Remove occurences of '(no description available)' in extension point schemas,trivial,non-critical feature request,can wait (low urgency)
71303,BIDI issue in Variables view,minor,user-facing bug,needs attention soon
61425,Primary feature not found and plugin_customization.ini not  read when org.eclipse.platform in workspace,major,user-facing bug,needs attention soon
115906,java.net.SocketException: Operation timed out,normal,user-facing bug,needs attention soon
308813,Next change not working on last difference in Text Compare,enhancement,non-critical feature request,can wait (low urgency)
43556,"[Tasks] Problems view shows ""filtered"" markers",normal,user-facing bug,needs attention soon
31322,Need support for showing Tips &Tricks,normal,user-facing bug,needs attention soon
227595,[Contributions] menus/commands added to popup:org.eclipse.ui.popup.any show up when they shouldnt,normal,user-facing bug,needs attention soon
84738,[Themes] Current theme preference should be made public,normal,user-facing bug,needs attention soon
167825,[quick assist] Convert to enhanced for loop drops additional variable initialization,normal,user-facing bug,needs attention soon
6227,incorrect bracket matching,normal,user-facing bug,needs attention soon
44072,API Request: Combo#getCaretLocation(),enhancement,non-critical feature request,can wait (low urgency)
3224,Tests - Re-enable reconciler tests (1GAKXZM),normal,user-facing bug,needs attention soon
22699,many missing items in color configuration,enhancement,non-critical feature request,can wait (low urgency)
133918,[1.5][compiler] Duplicate return; in CastExpression line 258,normal,user-facing bug,needs attention soon
149423,Change Object Value never enables OK button when variable is an empty String,normal,user-facing bug,needs attention soon
332152,Exceptions logged in FrameworkLog do not show up in the 'Error Log' view immediately,normal,user-facing bug,needs attention soon
93794,A  JDT Core Model JUnit test case failed,normal,user-facing bug,needs attention soon
4212,DnD: Drop is blocked on files/CUs (1GK1RSN),normal,user-facing bug,needs attention soon
219743,[hovering] Investigate whether we can use just SWT.TOOL for rectangular hover,normal,user-facing bug,needs attention soon
117107,[flex-hierarchy] No expansion in Debug View,normal,user-facing bug,needs attention soon
10338,Smart update for .am variables.,enhancement,non-critical feature request,can wait (low urgency)
261258,[breakpoint] ClassCastException on breakpoint action,normal,system failure / crash,immediate action required
198533,[TOC][Editor] Sync Selection between Source Page and Definition Page,enhancement,non-critical feature request,can wait (low urgency)
167256,Allow eclipse to launch without workspace specified,normal,non-critical feature request,can wait (low urgency)
62809,"[Scanner Config] Handling -DMACRO=""value""",normal,user-facing bug,needs attention soon
26824,New auto-suggestion; add 'generate getXxx' when accessing a private field [code manipulation],enhancement,non-critical feature request,can wait (low urgency)
22403,[Tasks] Tasks and compiler errors,enhancement,non-critical feature request,can wait (low urgency)
144520,SocketLaunchingConnectorImpl.launch should call Runtime.getRuntime().exec(String []),normal,user-facing bug,needs attention soon
205045,pluggable sdk awareness in the project model,enhancement,non-critical feature request,can wait (low urgency)
50490,Eclipse 3.0M6 hang on rename of package,blocker,system failure / crash,immediate action required
37143,[WorkingSets] API addition to IWorkingSetManager to recreate an IWorkingSet from an IMemento,normal,user-facing bug,needs attention soon
234436,[KeyBindings] NPE when shutting down a runtime workspace,normal,system failure / crash,immediate action required
187152,[CTabFolder] does not honour setBackgroundMode for the TabItems,major,user-facing bug,needs attention soon
297182,Summary Validation,major,user-facing bug,needs attention soon
118159,[Viewers] selection provider should enable copy action in workbench menu,enhancement,non-critical feature request,can wait (low urgency)
61429,Persistent Display view,normal,user-facing bug,needs attention soon
153256,'Add JRE' dialog layout problems,normal,user-facing bug,needs attention soon
106027,Convert Find/Replace Dialog to view,enhancement,non-critical feature request,can wait (low urgency)
49265,Change default key binding for incremental completion,normal,user-facing bug,needs attention soon
32081,Mouse click/drag annoyingly sensitive,normal,user-facing bug,needs attention soon
205957,Version of javadoc tool used during build doc generation should match project's compiler compliance,normal,user-facing bug,needs attention soon
51993,[Content Assist] Enumerations do not appear in the completion list.,normal,user-facing bug,needs attention soon
96213,Eclipse 3.1M7 - Field completion stack overflow,minor,user-facing bug,needs attention soon
32878,Rollback to Revision,enhancement,non-critical feature request,can wait (low urgency)
46186,Introduce Factory: MalformedTreeException,normal,user-facing bug,needs attention soon
56533,Java Code Formatter: Line Wrapping policy for method parameters does not work,minor,user-facing bug,needs attention soon
100579,folding cvs,normal,user-facing bug,needs attention soon
76233,[Forms] Incorrect section description height computation in flat forms,normal,user-facing bug,needs attention soon
80017,long strings show cheesey on details pane,normal,user-facing bug,needs attention soon
89215,Browser resolution logic seems bad,normal,user-facing bug,needs attention soon
39023,Create static field quick fix creates an instance field [quick fix],normal,user-facing bug,needs attention soon
52252,[DetachedViews] [EditorMgmt] add ability to tear off java editors,enhancement,non-critical feature request,can wait (low urgency)
216692,[1.5][compiler] Protected type not visible in subclass,normal,user-facing bug,needs attention soon
18756,Support F2 in Hierarachy and other Views.,normal,user-facing bug,needs attention soon
27592,[EditorMgmt] CTabFolder Tab Labels,enhancement,non-critical feature request,can wait (low urgency)
25546,NPE trying to close broken view.,normal,system failure / crash,immediate action required
33991,Unreachable catch block when openning source,critical,system failure / crash,immediate action required
16975,Up/down button on launch history page not working correctly,normal,user-facing bug,needs attention soon
126598,"[DOM][AST] String[] s =  {"""",,,} leads to wrong positions after conversion",normal,user-facing bug,needs attention soon
2085,Tear off windows over the editor is confusing. (1GE6SUW),normal,user-facing bug,needs attention soon
54717,JUnit contextual launch must port to new XML Expr Language,normal,user-facing bug,needs attention soon
77852,Eclipse crashed...,critical,system failure / crash,immediate action required
10598,Could not create action --> ClassNotFoundException,normal,system failure / crash,immediate action required
14177,Context menu for Java file is missing 'Externalize Strings...' action item.,normal,user-facing bug,needs attention soon
46253,Need confirmation dialog box before editing read-only files.,normal,user-facing bug,needs attention soon
133936,[misc] Compilation Unit Editor tramples file content,normal,user-facing bug,needs attention soon
64607,GC.drawRoundRectangle/GC.fillRoundRectangle,normal,user-facing bug,needs attention soon
124116,Ensure Update handles the Callisto load,normal,user-facing bug,needs attention soon
35885,J9 plugin should use Xbootclasspath instead of bp,normal,user-facing bug,needs attention soon
9126,Inner classes hard to debug because out scopes not visible,enhancement,non-critical feature request,can wait (low urgency)
300630,Extension Point schemas/declarations that use the same name for the point id as the schema file are reported as errors,normal,user-facing bug,needs attention soon
72595,[Themes] Themes need to be extendable,normal,user-facing bug,needs attention soon
202459,[ASTLocations] fix the location concept for the AST,normal,user-facing bug,needs attention soon
101211,Generalize Type disables after cancelling Change Method Signature,normal,user-facing bug,needs attention soon
185054,[JUnit] No execution time for imported junit test run,normal,user-facing bug,needs attention soon
112182,TabFolder does not send selection events when selection is changed programatically,normal,user-facing bug,needs attention soon
10462,Launch several testcase with JUnit [JUnit],enhancement,non-critical feature request,can wait (low urgency)
51572,Pref Page Local History Note,normal,user-facing bug,needs attention soon
18157,Internal Error when deleting project,normal,system failure / crash,immediate action required
202452,[hovering] Hover and Javadoc view do not format {@code true} when it immediately follows @return,minor,user-facing bug,needs attention soon
65988,[Intro] Welcome - erasing window,normal,user-facing bug,needs attention soon
112888,JDINullValue incompatible JDIObjectValue: Exception processing async thread queue,blocker,system failure / crash,immediate action required
282019,Way to query specific key binding,enhancement,non-critical feature request,can wait (low urgency)
307000,[Webapp] Ability to filter based on union of scopes,normal,non-critical feature request,can wait (low urgency)
92826,[api] change to TextTextHoverKey,normal,user-facing bug,needs attention soon
15576,The New File Wizard Page is Not Screen reader able,major,user-facing bug,needs attention soon
319451,Opening the launch dialog scans all plugins,normal,user-facing bug,needs attention soon
251339,[ds tooling] Strange label selection in Service Component editor,normal,user-facing bug,needs attention soon
44095,CVS decorators should show incoming/conflicting files,enhancement,non-critical feature request,can wait (low urgency)
9386,cannot import jar files into project,major,user-facing bug,needs attention soon
2309,Moving view has different reveal order than close (1GENS04),enhancement,non-critical feature request,can wait (low urgency)
344537,"""Details can be found in the log""",normal,user-facing bug,needs attention soon
64772,[RCP] IProduct and IBundleGroup file properties must be resolved relative to the corresponding bundle,major,user-facing bug,needs attention soon
314864,[Wizards] chkpii in org_eclipse_ui_keywords.html in I20100527-1200,trivial,non-critical feature request,can wait (low urgency)
252248,ClassCastException in CPPSemantics.getParentScope,normal,system failure / crash,immediate action required
49909,problems during CVS team -> unedit,normal,user-facing bug,needs attention soon
163128,org.eclipse.debug.ui plugin needs organizing,trivial,non-critical feature request,can wait (low urgency)
127666,NPE during decoration,normal,system failure / crash,immediate action required
125646,can't export prebuilt packages,normal,user-facing bug,needs attention soon
103905,Exception while creating Package Explorer view,normal,system failure / crash,immediate action required
52209,JARs from global classpath not found for build,major,user-facing bug,needs attention soon
185708,[Wizards] Provide link to open SSH/SSH2/proxy preferences from Connection wizard,enhancement,non-critical feature request,can wait (low urgency)
309288,fast indexer does not work correctly with autotools project,normal,user-facing bug,needs attention soon
17537,TM: Site explorer should have larger fastview ratio,normal,user-facing bug,needs attention soon
35967,Create TestSuite Template can be simplified [JUnit],enhancement,non-critical feature request,can wait (low urgency)
46768,Call Hierarchy does not work on constants,normal,user-facing bug,needs attention soon
154880,DeltaProcessor does not set project references if first build is a project build,critical,system failure / crash,immediate action required
130123,"""rm"" does not exist in Windows",normal,user-facing bug,needs attention soon
147359,[JFace] Add a standard date editor,enhancement,non-critical feature request,can wait (low urgency)
140870,No version range specified when requiring bundles,normal,user-facing bug,needs attention soon
6056,"No revealing in type hierarchy when ""show members in hierarchy""",normal,user-facing bug,needs attention soon
81182,instruction pointer text is not highlighted properly for external soruce,normal,user-facing bug,needs attention soon
154705,NPE opening custom perspectives,critical,system failure / crash,immediate action required
17342,R1.0 workspace: Task view settings lost,normal,user-facing bug,needs attention soon
273391,AntSecurityException when dragging a build file to the Ant View,normal,system failure / crash,immediate action required
13715,Make use of available icons,normal,user-facing bug,needs attention soon
287234,[DND] drag/drop onto empty table generates exception in SWT,normal,user-facing bug,needs attention soon
279328,Console View : Problem in UTF-8 translation,normal,user-facing bug,needs attention soon
45454,[tests] test failure in LinkedResourceTest.testCopy,normal,user-facing bug,needs attention soon
4804,StyledText - implement better autoscrolling behavior (1GIZ7A6),normal,user-facing bug,needs attention soon
132681,Disabled image not greyed out properly,normal,user-facing bug,needs attention soon
21973,[Editor Mgmt] Support for opening a file that isn't in the project workspace,enhancement,non-critical feature request,can wait (low urgency)
48782,Checkbox lines should not be full-width of editor for build.properties,minor,user-facing bug,needs attention soon
69127,"In Mark occurances feature, show the first and the last occurances distinctly.",enhancement,non-critical feature request,can wait (low urgency)
22561,Hover Help broken in 2.0.1 I20020815,blocker,system failure / crash,immediate action required
51541,NPE restoring scrapbook editor,major,system failure / crash,immediate action required
8534,"Eclipse tilde character not displayed when entered, system hangs",critical,system failure / crash,immediate action required
114439,Status returned from IOperationValidator methods do not contain specific feature information unless the internal FeatureStatus Class is used for typecasting.,enhancement,non-critical feature request,can wait (low urgency)
34115,[DOC] Log messages while searching help,normal,non-critical feature request,can wait (low urgency)
84282,Leakage from Ant Build: FileLinks,normal,user-facing bug,needs attention soon
212868,[misc] Index out of bounds in RevisionPainter,normal,user-facing bug,needs attention soon
13006,Alt+1 with blank TabFolder results in NPE,normal,system failure / crash,immediate action required
71771,"[navigation] ""mark occurrences"" for extends/implements clauses",enhancement,non-critical feature request,can wait (low urgency)
53697,[java debug] Automatic disconnect after N timeout exceptions,enhancement,performance degradation,needs attention soon
111059,[Markers] Add a problem specific details pane,enhancement,non-critical feature request,can wait (low urgency)
9191,Walkback in CVS console,normal,user-facing bug,needs attention soon
335685,Debugger stops on line where removed breakpoint used to be,normal,user-facing bug,needs attention soon
35616,[Navigator] Progress dialog does not show resource paths when moving/copying,normal,user-facing bug,needs attention soon
38626,DirectoryDialog getFilterPath() always returns null,normal,user-facing bug,needs attention soon
299378,OperationCancelledException should be handled gracefully,normal,user-facing bug,needs attention soon
247028,restricted constructors from public static inner types not flagged,normal,user-facing bug,needs attention soon
56154,Plug-ins can't compile - SWT Missing,major,user-facing bug,needs attention soon
155721,[Decorators] Missing font/colour decarations,normal,user-facing bug,needs attention soon
16826,Create new Feature with space in name should compute ID,normal,non-critical feature request,can wait (low urgency)
187614,[Forms] org.eclipse.ui.forms.widgets.Section does not allow background image to be set,enhancement,non-critical feature request,can wait (low urgency)
294137,[Help] Definition of Search Scopes should go beyond just 2 levels,enhancement,non-critical feature request,can wait (low urgency)
106677,Code Assist: shows newly defined variable name as possible selection,normal,user-facing bug,needs attention soon
3886,Minor: F4 does not reveal method (1GF2740),normal,user-facing bug,needs attention soon
75588,generalize watchpoint to debug platform,enhancement,non-critical feature request,can wait (low urgency)
15059,Initializing constructor creation,enhancement,non-critical feature request,can wait (low urgency)
84440,[C++ Offsets] IASTEnumerationSpecifier$IASTEnumerator has bad offset,normal,user-facing bug,needs attention soon
121391,[History View] New File History View does not track revisions,normal,user-facing bug,needs attention soon
268225,Maximized Outline view looses selection,normal,user-facing bug,needs attention soon
64514,Remove dependency on obsolete ProgressTreeViewer,normal,user-facing bug,needs attention soon
43002,[KeyBindings]: Binding Ctrl-Tab to any command failed,normal,user-facing bug,needs attention soon
252411,"When creating new C/C++ Project: Problems occurred when invoking code from plug-in: ""org.eclipse.jface""",major,user-facing bug,needs attention soon
74432,[Widgets] Interesting warning from metacity,normal,user-facing bug,needs attention soon
135551,Main Menus do not wrap,major,user-facing bug,needs attention soon
63476,[Workbench] SWTException closing editors,normal,system failure / crash,immediate action required
36150,CElement.fLength == -1 throwing the CEditor.setSelection(),normal,user-facing bug,needs attention soon
10584,Merge needs progress,normal,user-facing bug,needs attention soon
6295,"File ""save as"" bug, new file is read-only",normal,user-facing bug,needs attention soon
202789,Long running PackageExplorer  operation blocks UI,normal,system failure / crash,immediate action required
34442,Custom task does not work in folder (only in jar),normal,user-facing bug,needs attention soon
31645,Checking off a method/field in the refactoring wizard navigates list to top,normal,user-facing bug,needs attention soon
26110,Coredump from I20021018,normal,system failure / crash,immediate action required
125311,Allow to add resources via variable to resource sets,enhancement,non-critical feature request,can wait (low urgency)
255269,Fragments should be able to see types from the host,normal,user-facing bug,needs attention soon
64448,Multiple entry fields in goto line dialog,normal,user-facing bug,needs attention soon
237165,Numbering for stack frames in Debug view,enhancement,non-critical feature request,can wait (low urgency)
236253,builtins not populated in makefile editor content assist,normal,user-facing bug,needs attention soon
151815,The refresh and relevant resources in External builder should be project relative,normal,user-facing bug,needs attention soon
178526,"New menu item ""Open Debug Dialog..."" is counter intuitive and has bad kbd access key",normal,user-facing bug,needs attention soon
200358,Breakpoints are sometimes skipped,normal,user-facing bug,needs attention soon
13491,Cannot debug a deadlock,normal,system failure / crash,immediate action required
57981,3.0M8 not saving extension locations for plugins,normal,user-facing bug,needs attention soon
23301,[variables] Debugger records the history of variables,enhancement,non-critical feature request,can wait (low urgency)
44994,Please provide automated management of JavaDoc,enhancement,non-critical feature request,can wait (low urgency)
52308,[EditorMgmt] Right-click on editor title bar flashes drop-down then system menu,normal,user-facing bug,needs attention soon
120843,Refactoring History outdated after Replace With ...,normal,user-facing bug,needs attention soon
64624,[Workbench] Perspective switcher on left does not grow to show new items,normal,user-facing bug,needs attention soon
33582,Indicate that a feature is not available for download due to a missing license while displaying.,normal,user-facing bug,needs attention soon
27698,eclipse wont start,blocker,system failure / crash,immediate action required
208036,Detail pane in inspect popup dialog is too small,normal,user-facing bug,needs attention soon
282103,[open type] wrong matches shown together with right one,normal,user-facing bug,needs attention soon
9780,Add doesn't ignore ignored resources,major,user-facing bug,needs attention soon
155811,Full Indexer can't index gmp.h,normal,user-facing bug,needs attention soon
113037,MessageDialog not centered on Linux,normal,user-facing bug,needs attention soon
9209,Open Type Dialog is too slow,normal,performance degradation,needs attention soon
236506,Fragment not refreshed properly by the configurator,normal,user-facing bug,needs attention soon
60515,StackOverflowError checking out org.eclipse.help.webapp and org.eclipse.tomcat,blocker,system failure / crash,immediate action required
22525,[TM Sync View] Not prompted to upload conflicts,normal,user-facing bug,needs attention soon
40519,"""Revert block"" doesn't call validateEdit",normal,user-facing bug,needs attention soon
234261,"[memory] ""Update Policy"" menu is enabled for memory monitors that don't support it.",normal,user-facing bug,needs attention soon
196846,SWT.PASSWORD flag is not supported in StyledText,major,security vulnerability,immediate action required
3746,Deleting main method does not remove running icon in subtypes view (1GELGH5) [render] [type hierarchy],minor,user-facing bug,needs attention soon
225665,Two error dialogs appear when trying to share a project with extssh info when ssh plug-ins are not available,normal,user-facing bug,needs attention soon
35324,[Contributions] ActionContributionItem.handleWidgetSelection wrong for MenuItems of RadioButton style,major,user-facing bug,needs attention soon
227092,"""link with editor"" unreliable",minor,user-facing bug,needs attention soon
9656,Refactor/Rename method parameter should change javadoc,minor,user-facing bug,needs attention soon
234248,[Memory View] Should be able to show (rendering) tabs of all monitors together.,enhancement,non-critical feature request,can wait (low urgency)
71146,[Browser] Browser widget should allow to hide 3D border,normal,non-critical feature request,can wait (low urgency)
114909,AST: String concatenation represented as single node,normal,user-facing bug,needs attention soon
59166,Last active editor is not highlighted,normal,user-facing bug,needs attention soon
206402,[Progress] IProgressConstants.KEEP_ONE should remove job when another job starts,normal,user-facing bug,needs attention soon
4228,Widget is disposed error (1GKCZQM),normal,system failure / crash,immediate action required
50377,Swt MANIFEST.MF not adjusted to repackaging of SWT_AWT.,normal,user-facing bug,needs attention soon
295319,Table: Background color not drawn with empty EraseItem-Listener,normal,user-facing bug,needs attention soon
142749,"[EditorMgmt] NPE while closing editors, if input resource has been removed",normal,system failure / crash,immediate action required
71675,NPE starting drag in persp. bar.,normal,system failure / crash,immediate action required
226384,"Help ""running eclipse"" topic elides two headings",normal,user-facing bug,needs attention soon
191368,Policy URL in preferences doesn't support UTF-8 characters,normal,user-facing bug,needs attention soon
30626,"Project Set import needs to allow root directory to be specified, or potentially dir for each project in set",enhancement,non-critical feature request,can wait (low urgency)
335910,SynchronizableDocument causes deadlock by firing events inside of a lock,normal,system failure / crash,immediate action required
257903,[Contributions] ToolTip on the ToolBar and Menu Visibility tabs of Customize Perspective Dialog should be better placed or appear after a delay.,normal,performance degradation,needs attention soon
56577,[Colors/Fonts] Importing color preferences is not applied until restart,normal,user-facing bug,needs attention soon
270490,A web page opened in embedded Mozilla Browser could move/resize Shell window,major,user-facing bug,needs attention soon
297509,"[IDE] FileFolderSelectionDialog unnecessarily tells me my selection is ""OK""",minor,user-facing bug,needs attention soon
215897,[Contributions] (regression) popup menu missing contributions,normal,user-facing bug,needs attention soon
320184,Error=1 after autocompletion tooltip is shown and hit enter on an option.,critical,system failure / crash,immediate action required
75500,Step into Selection --> Step Into Selection,minor,user-facing bug,needs attention soon
78069,Master/Details Part registerPage() javadoc: method won't work for interfaces,enhancement,non-critical feature request,can wait (low urgency)
140536,"[Markers]Task in same line is not appered, when create markers with using",normal,user-facing bug,needs attention soon
37331,UI operations that call IType.createXXXX methods should handle potential JavaModelException [code manipulation],normal,user-facing bug,needs attention soon
7414,SWTException when closing workbench window,normal,system failure / crash,immediate action required
42484,NPE if ctrl dbl click in Ant properties block,normal,system failure / crash,immediate action required
106603,[model] Rename Type still reports syntax error after switch to 5.0,normal,user-facing bug,needs attention soon
3473,mnemonics (1GF25DN),major,user-facing bug,needs attention soon
163203,"[Sync View] synchronize view: When selected multiply projects the label now says: ""CVS X items""",normal,user-facing bug,needs attention soon
69246,Previous plug-in version not used when newer version is deleted,normal,user-facing bug,needs attention soon
71205,Error trying get pixel color in OpenGL,normal,user-facing bug,needs attention soon
31324,hyper link style navigation behaves strange with 'Shift' or 'None' modifiers,normal,user-facing bug,needs attention soon
166706,[Databinding] WritableList.clear() does not clear the list,normal,user-facing bug,needs attention soon
28743,trying to see test hiearchy freezes eclipse [JUnit],critical,system failure / crash,immediate action required
30577,Actions should check for IAdaptable#getAdapter(IJavaElement.class) [misc] [general issue],normal,user-facing bug,needs attention soon
55754,[Welcome] Welcome does not size properly,major,user-facing bug,needs attention soon
262900,[Commands] Properties action disabled in debug view,normal,user-facing bug,needs attention soon
79785,Constructor call in argument list not found,normal,user-facing bug,needs attention soon
334917,[About] About text needs to be updated to 2011,normal,user-facing bug,needs attention soon
67268,Double-clicking on the editor chevron zooms/unzooms editor area,normal,user-facing bug,needs attention soon
135743,Build 3.2M6 crashes on startup after UI layout changed in previous session,blocker,system failure / crash,immediate action required
320524,a call to swing UIManager.setLookAndFeel makes SWT freeze (proof with MessageBox) under linux/gtk,normal,system failure / crash,immediate action required
44697,Bug when i search reference of 'String' in 3.0M4,normal,user-facing bug,needs attention soon
43825,File --> New --> Class option available before PROJECT is created,normal,user-facing bug,needs attention soon
14112,Show in Navigator doesn't work for non-java resources,normal,user-facing bug,needs attention soon
195190,First Eclipse update requires a JPA enablement,normal,user-facing bug,needs attention soon
189045,tooltips for buttons not appearing,normal,user-facing bug,needs attention soon
170437,"[Model Sync] Coloring of changed packages, classes and methods",enhancement,non-critical feature request,can wait (low urgency)
188747,"[doc] ""Realizes"" should be replaced with ""Opens"" in help doc",normal,non-critical feature request,can wait (low urgency)
32247,Missing hashCode in org.eclipse.debug.internal.core.LaunchConfigurationInfo,normal,user-facing bug,needs attention soon
73696,"searching only works for IJavaSearchConstants.TYPE, but not CLASS or INTERFACE",normal,user-facing bug,needs attention soon
158232,'Terminate and relaunch' action is enabled for non-relaunchable configs,minor,user-facing bug,needs attention soon
39573,SWT error after pressing F11,normal,user-facing bug,needs attention soon
124990,[rulers] Line selection using line number ruler does not work anymore in Java Editor,major,user-facing bug,needs attention soon
35760,[HP] ComtrolExample flat arrow buttons not inside group,normal,user-facing bug,needs attention soon
59676,[Workbench] High Tab font not changing the height of the tab,normal,user-facing bug,needs attention soon
266489,[api tooling] No error for missing @since tag for overloaded methods with param using generic,normal,user-facing bug,needs attention soon
87760,Problem with RIGHT_TO_LEFT direction for MenItem,normal,user-facing bug,needs attention soon
41720,library added to a project not included in makefile,critical,system failure / crash,immediate action required
18582,Tooltip for Next Difference shows Ctrl+E,critical,system failure / crash,immediate action required
94512,'New' button missing in the scope set dialog,normal,user-facing bug,needs attention soon
107402,CDT 3.0 download page links point to download.eclipse.org,normal,user-facing bug,needs attention soon
4040,Modified tick shown for resource folder in packages view when no change (1GGPVTN),critical,system failure / crash,immediate action required
34058,"Table in ""Installed JREs"" pref pages doesn't save column width",minor,user-facing bug,needs attention soon
273994,Shutdown progress: 'Click Cancel...' message should go away after click,normal,user-facing bug,needs attention soon
185711,Bad layout of Binary parsers tab,normal,user-facing bug,needs attention soon
1795,Userscripts plugin.xml uses <plugin>/<class> notation (1GHF8LK),normal,user-facing bug,needs attention soon
327300,[C++0x] Allowing move constructors to throw,normal,user-facing bug,needs attention soon
52794,Double confirmation upon launching,normal,user-facing bug,needs attention soon
55120,need access to margin values in CTabFolder,normal,user-facing bug,needs attention soon
50990,"no ""Build Project"" item in ""Project "" column in C/C++ develope UI.",normal,user-facing bug,needs attention soon
240039,[ds] Error Reporter Tests,normal,user-facing bug,needs attention soon
4614,Graphics: Take advantage of platform code for reading graphics formats (1GAOW17),normal,user-facing bug,needs attention soon
79347,[Forms] not rendered as fancy as on windows platform,enhancement,non-critical feature request,can wait (low urgency)
45078,CVS History: Linking does not work for compare editor,normal,user-facing bug,needs attention soon
58099,[typing] Screen is not refreshed if Ctrl+Delete deletes entire line content,normal,user-facing bug,needs attention soon
29214,[Contributions] IllegalArgumentException: can't find ID after customizing Java perspective,normal,system failure / crash,immediate action required
98730,Session test failures in N20050607-0010,normal,user-facing bug,needs attention soon
197011,Add JRE fails to retain system library modifications.,normal,user-facing bug,needs attention soon
175100,consider having content assist ignore array brackets,enhancement,non-critical feature request,can wait (low urgency)
13056,can't delete 2 identical methods,normal,user-facing bug,needs attention soon
70135,"Add ""Deprecate"" to Rename refactoring [refactoring]",enhancement,non-critical feature request,can wait (low urgency)
93900,Need new ant task to mark file(s) derived,enhancement,non-critical feature request,can wait (low urgency)
138637,[History] NPE from history view,normal,system failure / crash,immediate action required
35262,[variables] user can modify detail pane of variables view,enhancement,non-critical feature request,can wait (low urgency)
310672,Get rid of clones of PixelConverter class,normal,user-facing bug,needs attention soon
125436,3.2M4 crashes VNC's X server,critical,system failure / crash,immediate action required
312165,Viewers should clearly indicate whether a folder is excluded from build,enhancement,non-critical feature request,can wait (low urgency)
66328,[Intro] Welcome page sometimes appears twice,normal,non-critical feature request,can wait (low urgency)
238920,[formatter] Code Formatter removes javadoc status if @category present,normal,user-facing bug,needs attention soon
52015,Source view: AssertionFailedException while editing,normal,system failure / crash,immediate action required
267271,Add <dir>/plugins/* and <dir>/features/* to target,normal,user-facing bug,needs attention soon
271612,Increment minimal versions of required plug-ins in team and compare plug-ins,normal,user-facing bug,needs attention soon
172017,[Change Sets] Outgoing changes view in old style sync is empty if user is to quick,normal,user-facing bug,needs attention soon
31607,"When debugging, console is blank until I force refresh",normal,user-facing bug,needs attention soon
70783,problems installing plugin XMLBuddy,normal,user-facing bug,needs attention soon
24970,JRE in the launch configurations dialog should be ordered,enhancement,non-critical feature request,can wait (low urgency)
14599,Deadlock while synchronizing,normal,system failure / crash,immediate action required
64893,[Dialogs] Detached views and dual monitor: Properties/view config dilaogs on wrong screen,normal,user-facing bug,needs attention soon
30783,"Template removal results in NullPointerException in the ""New class wizard"" [code manipulation]",normal,system failure / crash,immediate action required
61301,[osgi] eclipseAdaptor does not mark the bundleData as dirty on startLevel change,minor,user-facing bug,needs attention soon
98217,@SuppressWarnings causes NLS warning,trivial,non-critical feature request,can wait (low urgency)
26456,[Editors] Undo - undoing 2 changes at once,normal,user-facing bug,needs attention soon
200961,[formatter] the formatter fails to break long constant initialization line,normal,user-facing bug,needs attention soon
38942,Cutting/Pasting a versioned file causes removal from CVS,normal,user-facing bug,needs attention soon
12550,Endless loop with problem painter,critical,system failure / crash,immediate action required
68243,@link javadoc tag not parsed properly,normal,user-facing bug,needs attention soon
297320,[nls tooling] Add more tests for Find Broken Externalized Strings,normal,user-facing bug,needs attention soon
188539,Errors when open dynamic help in Europa,normal,user-facing bug,needs attention soon
225600,would be good to have separate preferences for different kinds of API leakage,enhancement,non-critical feature request,can wait (low urgency)
216636,"""Show In -> History"" does not work if ""link with editor"" is on and history view is not visible",normal,user-facing bug,needs attention soon
25715,ugly new tree widget,normal,user-facing bug,needs attention soon
13341,Show in Packages View doesn't work from java editori,normal,user-facing bug,needs attention soon
64575,Colors and Fonts preference page should show current settings for fonts,normal,user-facing bug,needs attention soon
314448,[efs] deleting a file inside a non-readable non-executable folder fails without exception,normal,user-facing bug,needs attention soon
16335,"Sync view default size, fastview",normal,user-facing bug,needs attention soon
27267,[key binding] Emacs C-_ key binding not working,normal,user-facing bug,needs attention soon
109594,[content assist] Insert common prefix upon filtering (was: New code assist: don't use ctrl+space to switch),enhancement,non-critical feature request,can wait (low urgency)
79978,"""Source Code Locations"" preference page - can't add another lookup location",normal,user-facing bug,needs attention soon
31022,[Key Bindings] Error using pde.convertSchemaToHTML ant task on org.eclipse.ui,normal,user-facing bug,needs attention soon
285455,Archive type container could support root path,enhancement,non-critical feature request,can wait (low urgency)
85687,[1.5][dom] Java AST creation error caused by duplicate type parameter,normal,user-facing bug,needs attention soon
218826,Cannot get rid of change sets,normal,user-facing bug,needs attention soon
254895,"[Trim] sometimes on shutdown RCP crashes in ""LegacyAnimationFeedback""",normal,system failure / crash,immediate action required
259013,SWT Table truncates text longer than 259 characters,major,user-facing bug,needs attention soon
94751,Column widths in the Error Log view are all zero,major,user-facing bug,needs attention soon
322,EC: Cannot edit plugin.xml (1GJUIUR),normal,user-facing bug,needs attention soon
108657,Internationalisation broken,normal,user-facing bug,needs attention soon
247666,[1.5][compiler] AIOOBE inside missing type reporting,normal,user-facing bug,needs attention soon
38250,mnemonic accelerators in dialogs not functioning in redhat 8.0,major,user-facing bug,needs attention soon
27805,need configuration for quietly running external tool builders,enhancement,non-critical feature request,can wait (low urgency)
269655,C++ Destructor in AST Operation is shown as const and volatile,normal,user-facing bug,needs attention soon
52500,can't open fragment manifest editor,normal,user-facing bug,needs attention soon
42795,[Team Concurrency] Refactor getAllOutOfSync to support concurreny,normal,user-facing bug,needs attention soon
273834,[target] error reading manifest for two bundles,major,user-facing bug,needs attention soon
60204,NPE in Managed Builder,normal,system failure / crash,immediate action required
292361,Welcome page: Link to Workbench should always be at same place,normal,non-critical feature request,can wait (low urgency)
235679,TVT34:TCT731: PLK: functional: Ignorant dropdowns in API errors/warnings,minor,user-facing bug,needs attention soon
56095,[RCP] setShow* methods have no effect after window is opened,normal,user-facing bug,needs attention soon
149533,[WorkbenchParts] notification closing editor reference,normal,user-facing bug,needs attention soon
316150,[Memory Browser] should release the rendering after the target is disconnected,normal,user-facing bug,needs attention soon
317584,Commented line throws Compiler error and Runtime exception,normal,user-facing bug,needs attention soon
161538,Platform crashes when loading.,critical,system failure / crash,immediate action required
6069,No key event for Ctrl+@ (Ctrl+Shift+2 on most keyboards),normal,user-facing bug,needs attention soon
279575,[Navigator] Navigator: Link with Editor fails after startup,normal,user-facing bug,needs attention soon
26332,IllegalArgumentException in ProblemPainter (?),normal,system failure / crash,immediate action required
280101,Eclipse crash when moving file in Package Explorer,normal,system failure / crash,immediate action required
58203,Leak from ProgressManager.runnableMonitors,major,performance degradation,needs attention soon
66918,Run as JUnit test doesn't find tests hierarchically [JUnit],enhancement,non-critical feature request,can wait (low urgency)
93924,Add keywords to preference pages,normal,user-facing bug,needs attention soon
299420,API leaks in type parameters not detected,normal,user-facing bug,needs attention soon
292703,The Find/Next menu dropdown is permanently disabled if selected before a Find/Replace is done,normal,user-facing bug,needs attention soon
228956,[RCP] [Doc] Document expression-based actitivies,normal,non-critical feature request,can wait (low urgency)
150634,Add support for automatically handling header files & dependencies,enhancement,non-critical feature request,can wait (low urgency)
224470,[source lookup] be more resilient when it comes to directory-based bundles,normal,user-facing bug,needs attention soon
181941,[search] References to package filtered although all filters are disabled,normal,user-facing bug,needs attention soon
97301,flattenLocationsToFile returns null causing NPE in indexer,major,system failure / crash,immediate action required
300447,[find/replace] Find / Replace causes rendering corruption when replacing \n.,normal,user-facing bug,needs attention soon
81957,AST error while parsing annotation,critical,system failure / crash,immediate action required
6557,Unable to instantiate view: org.eclipse.pde.runtime.LogView,normal,user-facing bug,needs attention soon
245147,[DetachedView] Floating windows cannot be recovered when 2nd monitor is disconnected,normal,user-facing bug,needs attention soon
132900,Improve perspective description for display for CVS Repository Exploring perspective,normal,non-critical feature request,can wait (low urgency)
263037,[content assist] Filtering broken for constructor proposals if there are chars after the caret,normal,user-facing bug,needs attention soon
86636,[console] JavaStackTraceConsole should allow Find/Replace,normal,non-critical feature request,can wait (low urgency)
342096,Executables view shows binaries for all build configurations instead of just the active ones,normal,user-facing bug,needs attention soon
31244,Renaming linked source folder copies content,critical,system failure / crash,immediate action required
120400,exception raised CPPUnknownBinding.resolveUnknown,normal,user-facing bug,needs attention soon
37908,Right click does not update caret,minor,user-facing bug,needs attention soon
13520,Cannot release/commit an outgoing change,normal,user-facing bug,needs attention soon
83443,move build scripts used to generate srcIncluded and srcFetch drops to eclipse.org  cvs repository,normal,user-facing bug,needs attention soon
41936,able to extend ASTNode and AST,enhancement,non-critical feature request,can wait (low urgency)
20722,GTK TableColumn#pack does not work if no header,normal,user-facing bug,needs attention soon
31039,Eclipse does not responde when dialog is opened.,major,user-facing bug,needs attention soon
239354,[Browser] org.eclipse.ui.browser.browsers documentation error,normal,user-facing bug,needs attention soon
282,Wizard: title is missing (1GFDGX8),normal,user-facing bug,needs attention soon
52510,NPEs with fragment editor,normal,user-facing bug,needs attention soon
22589,GTK: StyledText widget is slow,normal,performance degradation,needs attention soon
41109,A package named cvs,enhancement,non-critical feature request,can wait (low urgency)
46599,Change Type Action: is disabled for all structured selections,normal,user-facing bug,needs attention soon
76703,NPE in event loop,normal,system failure / crash,immediate action required
297071,Step filter test failure on Mac,normal,user-facing bug,needs attention soon
95408,null missing in getBackground/ForegroundPattern API spec,normal,user-facing bug,needs attention soon
255732,"[Webapp] Ability to customize/config print.css for ""Print selected topics and all subtopics"" window",enhancement,non-critical feature request,can wait (low urgency)
57455,Aggregated plugin search indexes,enhancement,non-critical feature request,can wait (low urgency)
128517,"[IDE] It's not predictable, when ""Close Unrelated Projects"" is available",normal,user-facing bug,needs attention soon
321628,Filtering feature based launch with no selection breaks table contents,normal,user-facing bug,needs attention soon
95340,[formatting] Allow to create MultiPassContentFormatter that does not extend the formatting region,minor,non-critical feature request,can wait (low urgency)
299210,[CommonNavigator] Test improvements,enhancement,non-critical feature request,can wait (low urgency)
135346,enum should not be used as identified shown when enum in package.,normal,user-facing bug,needs attention soon
49961,invalid thread access,normal,system failure / crash,immediate action required
139911,Project-scoped preferences not accessible from OPEN event handler on project import,normal,user-facing bug,needs attention soon
42006,Cannot use Ctrl+Arrow in the java editors,critical,system failure / crash,immediate action required
336419,Remove test for org.eclipse.jdt.apt.javadoc.txt log,normal,user-facing bug,needs attention soon
45837,Init Error of classpath,normal,user-facing bug,needs attention soon
330416,Enhancement request for the Java AST/DOM package. A helper method to get a new Type ast node that corresponds to a given ITypeBinding.,enhancement,non-critical feature request,can wait (low urgency)
41971,[CVS Sync] Strange error in log,normal,user-facing bug,needs attention soon
319398,JDT Object Icons (e.g. class_obj.gif) are not guideline conform,normal,user-facing bug,needs attention soon
27181,Sleak - instrumentation not done on GTK and Motif,normal,user-facing bug,needs attention soon
35496,Setting font for Table headers does not work,normal,user-facing bug,needs attention soon
192292,Why does PDE try to build features in the order listed in feature.xml?,normal,user-facing bug,needs attention soon
57258,Option to show toString values in Variables View,enhancement,non-critical feature request,can wait (low urgency)
321558,[preferences] problem filtering should allow to combine name with value search,enhancement,non-critical feature request,can wait (low urgency)
98865,[KeyBindings] preference page: Cannot assign shortcut to Show Navigator View,normal,user-facing bug,needs attention soon
62794,Stub on code assist: Should check if method name is valid Java id,normal,user-facing bug,needs attention soon
65864,Not recognize extention plugins added by 'Managed Configuration',normal,user-facing bug,needs attention soon
137834,Code-Assist does not provide methods defined by interfaces implemented by a generic parameter,normal,non-critical feature request,can wait (low urgency)
70032,[ProblemsView] Help Context - Java Perspective,normal,user-facing bug,needs attention soon
85158,Update builders to execute clean target on Clean,normal,user-facing bug,needs attention soon
80071,Rapid stepping gets ahead of UI updates,normal,user-facing bug,needs attention soon
240308,[junit] Eclipse JUnit4 test runner displays a single test in a tree called Unrooted tests,normal,user-facing bug,needs attention soon
17083,[ExternalTools] Invalid Thread Access exception being thrown and lost,critical,system failure / crash,immediate action required
261978,[Viewers] [Snippets] JFace Snippet055HideShowColumn does not show column,normal,user-facing bug,needs attention soon
227818,NPE in spy,normal,system failure / crash,immediate action required
202394,[Viewers] Test failure for Bug2012002TableViewerTest#testBug201002 in M20070905-1045,normal,user-facing bug,needs attention soon
245497,Show origin of libraries in Runtime Classpath dialog,enhancement,non-critical feature request,can wait (low urgency)
318553,[quick fix] Add quick fix for 'The parameter x should not be assigned',enhancement,non-critical feature request,can wait (low urgency)
36241,CVS rep view - icons displayed under Versions when there is no version info.,normal,user-facing bug,needs attention soon
21551,"[DCR]GTK support for setting ""selection"" foreground/background colors (BBAWT)",normal,non-critical feature request,can wait (low urgency)
2308,workbench action example does not run (1GENQ7V),normal,user-facing bug,needs attention soon
50930,"Improve ""Step With Filters"" icon",normal,non-critical feature request,can wait (low urgency)
129324,Incorrect attibutes in Plug-in Registry view,normal,user-facing bug,needs attention soon
305433,[Gtk] unexpected MouseExit event for Shell causes bad interaction with JFace ToolTip on 3.6,normal,user-facing bug,needs attention soon
223739,[ds] create a basic editor for DS files,enhancement,non-critical feature request,can wait (low urgency)
128822,StringIndexOutOfBoundsException in log,normal,system failure / crash,immediate action required
60533,[misc] Ctrl-C doesn't work when editing/ fixing errors,normal,user-facing bug,needs attention soon
41978,Javadoc View loses formatting on resize,minor,user-facing bug,needs attention soon
68607,Need to be able to participate in JDT copy refactorings [refactoring],enhancement,non-critical feature request,can wait (low urgency)
180785,[Help] Content extensions not showing up for context help,major,user-facing bug,needs attention soon
70106,[Tasks] Show task decorators in Navigator/Package Explorer/Outline,enhancement,non-critical feature request,can wait (low urgency)
11782,java browsing: i don't see my resources [browsing],normal,user-facing bug,needs attention soon
69522,[MacOSX] Variables are not shown in debugger,normal,user-facing bug,needs attention soon
212565,[Dialogs] Open Resource dialog's camel case support fails with file extensions,enhancement,non-critical feature request,can wait (low urgency)
166934,limit open type CTRL+SHIFT+T to selected working set,enhancement,non-critical feature request,can wait (low urgency)
61166,source not found,normal,user-facing bug,needs attention soon
94481,jUnit tests taking nearly five times as long to complete,major,user-facing bug,needs attention soon
53293,[browser] Browser doesn't support user/pass logins with mozilla,normal,user-facing bug,needs attention soon
190515,"""Add to Java Search"" - nothing in progress dialog",normal,user-facing bug,needs attention soon
330771,Run last launched disappears,normal,user-facing bug,needs attention soon
283970,Invalid indentation of conditional expression,normal,user-facing bug,needs attention soon
25348,Coolbar - Emulated behavior vs Windows behavior,enhancement,non-critical feature request,can wait (low urgency)
19117,[Editor Mgmt] opening java editor can take long time - show busy cursor,major,user-facing bug,needs attention soon
236096,Incorrectly allow raw return type in overridden method,normal,non-critical feature request,can wait (low urgency)
306855,"[DBCS3.6]: TCH: RHEL5 - Cannot open ""Open Element"" dialog.",major,user-facing bug,needs attention soon
27765,Cannot copy content of classfile editor,blocker,system failure / crash,immediate action required
265375,[implicit bindings] add implicit names to certain AST nodes,normal,user-facing bug,needs attention soon
42443,"Error when inner class name has the same name than another class, but with not the same case sensitive",normal,user-facing bug,needs attention soon
144768,Code tab bar disapears,normal,user-facing bug,needs attention soon
11665,Replace with Latest with deleted folder fails,normal,user-facing bug,needs attention soon
226938,New win32 native fragment for org.eclipse.core.net,normal,user-facing bug,needs attention soon
305139,[Sync View][Apply Patch] Merging a file with an unmatched hunk hides the file,normal,user-facing bug,needs attention soon
117383,The Javac paths specified in the custom build scripts need to be extended,normal,user-facing bug,needs attention soon
137111,classpath collision for separate src / test directories,enhancement,non-critical feature request,can wait (low urgency)
10018,System Objects View does not take into consideration existing selection,normal,user-facing bug,needs attention soon
73221,Focus is not set in the top right control of tab folder,normal,user-facing bug,needs attention soon
17810,Workbench->Compare pref page doesn't resize well,normal,user-facing bug,needs attention soon
88473,Starting an external build triggers other external builders,normal,user-facing bug,needs attention soon
8983,List of views in Update shows an unknown view,normal,user-facing bug,needs attention soon
277063,ANT COPY task doesn't recognize Virtual File Systems,normal,user-facing bug,needs attention soon
110059,[ast rewrite] strange formatting after change to enhanced for,normal,user-facing bug,needs attention soon
341683,Table with TableEditor using a checkbox does not render correctly on Windows 7,normal,user-facing bug,needs attention soon
208567,[StatusHandling] Remove Java 5 from the test tool,normal,user-facing bug,needs attention soon
114888,[model] Unresponsive when reconciling and ASTProvider concurrently access LRU type cache,normal,user-facing bug,needs attention soon
25363,[Workbench] Eclipse starts (apparently) Minimized,normal,user-facing bug,needs attention soon
94368,"[Preferences] if the dialog is resized, new pages are unable to set their required size",normal,user-facing bug,needs attention soon
8815,Open Hierarchy does not set focus correctly,normal,user-facing bug,needs attention soon
215341,Probable Bug in SWT PrinterData.otherData using Linux-gtk,normal,user-facing bug,needs attention soon
40785,[plan item] Overview ruler improvements,normal,user-facing bug,needs attention soon
101139,"[javadoc] Spurious ""Javadoc: Invalid reference"" error with type names in link",normal,user-facing bug,needs attention soon
64085,[ManagedBuild] Sanity:  Getting NPE after creating C or C++ Managed Project,blocker,system failure / crash,immediate action required
139943,[Memory View] Control block size per monitor,enhancement,non-critical feature request,can wait (low urgency)
84084,"need command-line interface to ""Replace With Another Version""",enhancement,non-critical feature request,can wait (low urgency)
98096,[find/replace] find next cannot find '?' if 'whole word' checked,minor,user-facing bug,needs attention soon
101278,[Properties] Want to overide the top level page,enhancement,non-critical feature request,can wait (low urgency)
60376,AssertionFailedException,normal,user-facing bug,needs attention soon
285121,[Viewers] Native looking checkboxes in a viewer,enhancement,non-critical feature request,can wait (low urgency)
13732,'Refresh All from Local' option.,enhancement,non-critical feature request,can wait (low urgency)
100826,[browser] Can't cut/paste with keyboard in browser's location control,minor,user-facing bug,needs attention soon
156590,[breakpoints] Breakpoints remain after removal of linked source.,minor,user-facing bug,needs attention soon
1518,Icons needed for actions (1GI5UXW),enhancement,non-critical feature request,can wait (low urgency)
208602,[Dialogs] Open Type dialog needs accessible labels,normal,user-facing bug,needs attention soon
22297,[build] Modify [javac] settings,normal,user-facing bug,needs attention soon
85017,"[KeyBindings] preference page: Hang in ""org/eclipse/swt/internal/gtk/OS._gtk_tree_view_column_cell_get_size""",critical,system failure / crash,immediate action required
136,[Progress] need progress monitoring during merge (1GETBX7),normal,user-facing bug,needs attention soon
103508,TextLayout should support more than just text,enhancement,non-critical feature request,can wait (low urgency)
82432,[1.5] VerifyError with Autoboxing,critical,system failure / crash,immediate action required
46882,PST: lookup returns wrong function,normal,user-facing bug,needs attention soon
47701,Team preferences pane appears to be in bold,minor,user-facing bug,needs attention soon
264206,Cannot click links in console,normal,user-facing bug,needs attention soon
116051,[ccp][reorg] invisible focus element on name conflict dialog,minor,user-facing bug,needs attention soon
126348,"Keybindings for Display, Inspect, Step Into Selection don't work",normal,user-facing bug,needs attention soon
341608,deadlock in I20110329-0800,critical,system failure / crash,immediate action required
173240,[Browser] The action Open with Web Browser doesn't correctly enclose the URL with quotes,normal,user-facing bug,needs attention soon
223061,[JUnit] UI becomes unresponsive during several minutes when disabling 'Show Failures Only' button,normal,user-facing bug,needs attention soon
320876,[render] Missing 'final' decorator for local variables,normal,user-facing bug,needs attention soon
164012,"[content assist] Add a preferences to add ""this."" when completing field",enhancement,non-critical feature request,can wait (low urgency)
206743,Tree with columns has drawing errors when resizing to a minimum,normal,user-facing bug,needs attention soon
4887,Possible Bug when syncronizing on child of un-released folder (1GKKOY4),normal,user-facing bug,needs attention soon
97670,[preferences] Java Hovers page missing mnemonics,trivial,non-critical feature request,can wait (low urgency)
134055,[64] java VM crash on content assist,major,system failure / crash,immediate action required
111589,[ErrorHandling] rcp: error-messages non-expressive,normal,user-facing bug,needs attention soon
67728,${build_type} variable needs updating to new build story,normal,user-facing bug,needs attention soon
24012,UNDO and auto add imports,enhancement,non-critical feature request,can wait (low urgency)
30262,Offer Search for Occurrences in Views as well [search],enhancement,non-critical feature request,can wait (low urgency)
26460,Comb/CCombo don't allow type ahead,normal,non-critical feature request,can wait (low urgency)
298115,[Memory Browser] refactoring request,major,user-facing bug,needs attention soon
61812,"File Search needs ""Whole Word""",normal,user-facing bug,needs attention soon
44756,text hovers gone on a single editor,normal,user-facing bug,needs attention soon
72207,Add color constant for disabled label text color,enhancement,non-critical feature request,can wait (low urgency)
267613,Eclipse crashes if DISPLAY is not set,normal,system failure / crash,immediate action required
31157,Log ENTRY should print the build number.,normal,user-facing bug,needs attention soon
74693,Build order in build.xml for jars doesn't match order in build.properties,normal,user-facing bug,needs attention soon
35924,remove unnecessary signal blocking,normal,user-facing bug,needs attention soon
66052,"Mnemonic traversal should go by parent, not entire Shell",normal,user-facing bug,needs attention soon
344636,[breakpoints] Breakpoints disappear when restarting the inferior,normal,user-facing bug,needs attention soon
41432,Editor close behaviour on project delete/close,normal,user-facing bug,needs attention soon
215349,[Graphics] [WorkbenchLauncher] Splash screen shows incorrect year in the copyright notice,normal,non-critical feature request,can wait (low urgency)
297470,[Wizards] Settings bounds for a nested Wizard,normal,user-facing bug,needs attention soon
265940,Cannot input T-Chinese chars in Java Editor,normal,user-facing bug,needs attention soon
12085,"Please add a menu-item ""Workbench->Delete all classfiles""",enhancement,non-critical feature request,can wait (low urgency)
152803,Creating Jar,normal,user-facing bug,needs attention soon
278004,[DataBinding]  ContainerCheckedTreeViewer not handled by ViewersObservables.observeCheckedElements,normal,user-facing bug,needs attention soon
204538,[WorkbenchParts] API required to determine PageBookView from an enclosed Page,enhancement,non-critical feature request,can wait (low urgency)
40141,Null pointer exception running UI Test suites,critical,system failure / crash,immediate action required
258823,AbstractIndexerTask.runTask() breaks standalone indexer,blocker,system failure / crash,immediate action required
162005,[QuickAccess] Persist previous picks,normal,user-facing bug,needs attention soon
20306,Fails to popup the help screen by pressing F1,normal,user-facing bug,needs attention soon
28526,nested src folders - deleting the outermost one deletes all nested,major,user-facing bug,needs attention soon
23598,incorrect handling of auto-string-closing in linked positions,normal,user-facing bug,needs attention soon
262795,[Min/Max] Unmaximize editor area unreliable when editor area is split,normal,user-facing bug,needs attention soon
83346,NullPointerException during compile,critical,system failure / crash,immediate action required
76445,Managed Make C++ Project does not compile/build,normal,user-facing bug,needs attention soon
114816,[EFS] Change SyncFileWriter to use EFS instead of java.io.File,normal,user-facing bug,needs attention soon
297225,[formatter] Indentation may be still wrong in certain circumstances after formatting,normal,user-facing bug,needs attention soon
287289,NPE while quitting Eclipse before all compare editors get initialized,normal,system failure / crash,immediate action required
293600,Failure in StatusDialogManagerTest.testBug288765,normal,user-facing bug,needs attention soon
5647,Search results differ when using outliner context menu vs. dialog,normal,user-facing bug,needs attention soon
325308,Author display inconsistencies in compare editor,minor,user-facing bug,needs attention soon
231063,Update site reference triggers protocol violation,normal,user-facing bug,needs attention soon
99739,[CommonNavigator] Link with editor should link with initially brought up,normal,user-facing bug,needs attention soon
141612,IWorkbenchWidget has incorrect copyright info,normal,user-facing bug,needs attention soon
9962,Templates in JavaDoc in 20020214 insert inappropriate spaces,normal,user-facing bug,needs attention soon
39070,[navigation] Ability to click the editor's error/warning indicator,enhancement,non-critical feature request,can wait (low urgency)
36997,DCR: Accessibility on GTK,normal,non-critical feature request,can wait (low urgency)
60390,NoClassDefFoundError invoking content assist in ant editor,normal,system failure / crash,immediate action required
94067,Auto format behaviour is inconsistently in class comment blocks,normal,user-facing bug,needs attention soon
68132,[Readme] How to build with buildfiles that contain BOM,normal,non-critical feature request,can wait (low urgency)
223228,[hovering] Quick fix problem hover: remove border around scrollable area,normal,user-facing bug,needs attention soon
244610,"[CommonNavigator] tests - test file not correctly closed, causes exception in tearDown",normal,user-facing bug,needs attention soon
15104,Unix login error causes unreleated CVS VCM problems,normal,user-facing bug,needs attention soon
85125,"When bracket is placed after MethodDeclarator, build fails.",normal,system failure / crash,immediate action required
278132,icons with overlays become faded in appearance,normal,user-facing bug,needs attention soon
319738,Restore Defaults does not work in Environment tab in Preferences,normal,user-facing bug,needs attention soon
123514,[1.5] [assist]ArrayStoreException in content assist for malformed field,normal,user-facing bug,needs attention soon
95000,CCE trying to use quickfix in an annotation type,normal,user-facing bug,needs attention soon
13008,"Move a Java file, errors remain",normal,user-facing bug,needs attention soon
208127,breakpoint import does not work,normal,user-facing bug,needs attention soon
331281,Misleading error displayed,normal,user-facing bug,needs attention soon
193321,[Sync View] Migrate Compare with Each Other to the Synchronize view,normal,user-facing bug,needs attention soon
177662,[content assist] Allow wildcard filtering of completion proposals,enhancement,non-critical feature request,can wait (low urgency)
75098,NPE in RemoteFolderTreeBuilder.fetchNewDirectories,normal,system failure / crash,immediate action required
276636,"[IDE] Move ""Software Updates"" to ""Edit""",normal,user-facing bug,needs attention soon
272971,Review Patch pane in the Apply Patch wizard requires double-click,normal,user-facing bug,needs attention soon
283171,[implementation] AnnotationModel doesn't notify listeners when an attachment is removed,normal,user-facing bug,needs attention soon
263299,[target definition] Support for appending .ini VM args to launch,normal,user-facing bug,needs attention soon
325956,store run configurations depending on project folder - without the name in the .launch file,normal,user-facing bug,needs attention soon
10463,ClassCastException in Launch Configurations,normal,system failure / crash,immediate action required
166219,[launching] Run Last Launched fails due to Launch Config Tree filter,normal,user-facing bug,needs attention soon
99994,[Tags] Compare results do not show date tag as entered,normal,user-facing bug,needs attention soon
43851,[KeyBindings] doc: Advise teams to not bind keys directly,minor,user-facing bug,needs attention soon
182277,[Plug-in Dependencies View] System packages not distinguished from framework packages,normal,user-facing bug,needs attention soon
252437,Browser widget z-order issue,major,user-facing bug,needs attention soon
35512,[Importing] NPE when try to import external features,normal,system failure / crash,immediate action required
133370,Manifest's Bundle-Activator validation cleanup,normal,user-facing bug,needs attention soon
152728,eclipse3.1 has a bug about compile,blocker,system failure / crash,immediate action required
63170,Auto-insert NLS tag is malformed,normal,user-facing bug,needs attention soon
275013,[target] ease restrictions on software site locations,enhancement,non-critical feature request,can wait (low urgency)
2893,Properties view: Inconsistent use of triangle menu (1GKDJ9E),normal,user-facing bug,needs attention soon
185350,[1.6][compiler] Code generation seems to be much slower than in 1.5 mode,normal,user-facing bug,needs attention soon
6188,Focus/selection problems when using external editor,normal,user-facing bug,needs attention soon
98422,org.eclipse.pde does not need dependency on intro,normal,user-facing bug,needs attention soon
127675,Editor only shows matches from last search,major,user-facing bug,needs attention soon
56872,Class with main method cannot be run via the Run menu,normal,user-facing bug,needs attention soon
53753,Eclipse crashed when Stress Testing Suite was run,normal,system failure / crash,immediate action required
59519,Support newly added launch config variables,normal,user-facing bug,needs attention soon
221410,eclipse suspend makes gdb exit when remote debugging over ssh,major,user-facing bug,needs attention soon
102379,Unable to launch RCP app - unresolved SWT fragment,blocker,system failure / crash,immediate action required
54446,Support filter strings for compare,enhancement,non-critical feature request,can wait (low urgency)
181998,[efs] ResourcesPlugin performs too many operations in its start() method,major,user-facing bug,needs attention soon
154921,[Multi FVB] empty groups are left in tool bar,normal,user-facing bug,needs attention soon
321860,[EditorMgmt] IWorkbenchPage's javadoc needs to be updated with regards to its claim about editors and editor inputs,normal,user-facing bug,needs attention soon
59631,[Content Assist] Macros do not appear in the completion list when no prefix is provided,normal,user-facing bug,needs attention soon
25835,[breakpoints] Instruction pointer hides breakpoint icon in ruler,minor,user-facing bug,needs attention soon
70157,Add symbols as a seperate syntax highlight option,enhancement,non-critical feature request,can wait (low urgency)
14925,Return statements do not stop evaluation,normal,user-facing bug,needs attention soon
56384,[EditorMgmt] (leak) EditorWorkbooks leaked,normal,performance degradation,needs attention soon
66730,[Refactoring] Renaming a class does not change .cpp file.,major,user-facing bug,needs attention soon
21983,MenuItem's without sub-menus behave strangely,minor,user-facing bug,needs attention soon
155168,[content assist] Content assist locks UI and the whole computer,critical,system failure / crash,immediate action required
46848,Circumflex accent for characters does not work,normal,user-facing bug,needs attention soon
174107,VM Args not getting copied from .product to ini file in Mac build,major,user-facing bug,needs attention soon
308035,"[Help] Help Contents gets ""Connection Refused"" when on VPN or behind authenticated proxy",normal,user-facing bug,needs attention soon
121357,[Help] The changed Dialog Font font is not applied to the dialog of Help Advanced Settings.,normal,user-facing bug,needs attention soon
25273,[Coolbar] Cleanup code,normal,user-facing bug,needs attention soon
61010,NPE while opening plugin.xml file,normal,system failure / crash,immediate action required
149029,[spell checking] Dictionary File Parser,normal,user-facing bug,needs attention soon
286371,Save changed password to secure storage immediately,normal,security vulnerability,immediate action required
35887,[UI Guidelines] Guidelines refer to obsolete menu items,normal,user-facing bug,needs attention soon
134879,[DataBinding] Provide toString implementations for implementations of IDiff,enhancement,non-critical feature request,can wait (low urgency)
300863,Change buttons order in PathVariableDialog,trivial,non-critical feature request,can wait (low urgency)
59791,[Scanner Config] Managed Build C projects cannot find declarations in stdio.h,normal,user-facing bug,needs attention soon
326622,make: execvp: echo: Permission denied,normal,user-facing bug,needs attention soon
31363,RFE: Ability to hide JAR hierarchies in Package Explorer [package explorer] [render] [build path],enhancement,non-critical feature request,can wait (low urgency)
117086,FTPClient leaves stream open,normal,user-facing bug,needs attention soon
43970,[History View] Configure history view columns,enhancement,non-critical feature request,can wait (low urgency)
319166,"""Window->Preferences->C/C++->Editor->Save Actions"" are not working",minor,user-facing bug,needs attention soon
10999,[Perspectives] Feature Request: ability to change perspective icon,enhancement,non-critical feature request,can wait (low urgency)
92775,[find/replace] Clicking Replace/Find button goes beyond scope,normal,user-facing bug,needs attention soon
192018,"[C99 Parser] #include ""stdio.h"" fails to find system include",normal,user-facing bug,needs attention soon
235301,Paths and Symbols property page has no vertical scrollbar,normal,user-facing bug,needs attention soon
223951,hot code replace causes deadlock,major,system failure / crash,immediate action required
42606,Debugger breakpoints on caught FileNotFoundException during class loading,normal,user-facing bug,needs attention soon
48031,Provide automatic build dependency resolution,enhancement,non-critical feature request,can wait (low urgency)
12217,Internal error when synchronizing with cvs repository,major,system failure / crash,immediate action required
75381,Runtime workbench takes 4 minutes to start with many plugins,normal,performance degradation,needs attention soon
17829,Completing the install appears on each startup.,normal,user-facing bug,needs attention soon
23963,"When I use Team -> Synchronize with repository, eclipse show some files as modified, but they are not",major,user-facing bug,needs attention soon
10205,messages.properties should be internal,normal,user-facing bug,needs attention soon
32911,Missing a way to  undo a resolution,normal,user-facing bug,needs attention soon
92961,Table gets focus but shell is not active.,normal,user-facing bug,needs attention soon
338968,"Memory windows do not work across debug sessions, gdb 7.2",normal,user-facing bug,needs attention soon
93686,Provide select all / deselect all buttons for BreakpointWorkingSetPage,trivial,non-critical feature request,can wait (low urgency)
94987,[api][preferences] Support new default line separator API.,enhancement,non-critical feature request,can wait (low urgency)
10624,"GUI Blooper: ""Open on..."" in debugger s/b ""Open"", ""Drop To Frame""",trivial,non-critical feature request,can wait (low urgency)
85159,Breakpoint location tests failed in nightly build,normal,user-facing bug,needs attention soon
111570,Threads should be refreshed in a lazy fashion.,enhancement,non-critical feature request,can wait (low urgency)
310612,[Markers] Quick fix wizard should not let the user finish if nothing has been selected,minor,user-facing bug,needs attention soon
84385,disabling breakpoint with ruler action does update check box in breakpoints view,normal,user-facing bug,needs attention soon
234312,[breadcrumb] drop down stays when opening context menu on any breadcrumb item,normal,user-facing bug,needs attention soon
335098,[tests] JUnit tests don't always use the DSF executor when they should,normal,user-facing bug,needs attention soon
78678,Indexer stops reindexing file after repeated saves,normal,user-facing bug,needs attention soon
50517,Can Error Log view be moved from PDE,normal,user-facing bug,needs attention soon
57577,Update for Decorations taking too long in UI Thread,normal,performance degradation,needs attention soon
200601,display selected console numbering of debug sessions stops at 9,normal,user-facing bug,needs attention soon
230398,[CellEditors] Enhance UI of combo box cell editors,enhancement,non-critical feature request,can wait (low urgency)
153180,[OpenModes] select on hover does not work if a tooltip is shown before the hover wait time,normal,user-facing bug,needs attention soon
75081,[encoding] change deltas test failing,normal,user-facing bug,needs attention soon
7176,Code completion suggests variable name,enhancement,non-critical feature request,can wait (low urgency)
217267,[content assist] use colored labels in proposal popup,enhancement,non-critical feature request,can wait (low urgency)
167698,[History View] Contents are not cached before editor is opened,normal,user-facing bug,needs attention soon
265668,Text#setMessage(..) should force redraw,minor,user-facing bug,needs attention soon
227724,Allow to reuse bundles outside of OSGi,enhancement,non-critical feature request,can wait (low urgency)
157654,Structure Compare always says 'No Structural Differences',major,user-facing bug,needs attention soon
34775,"Two ""Build All"" buttons",normal,user-facing bug,needs attention soon
69910,Clicking on a column header in problems view removes all entries,normal,user-facing bug,needs attention soon
30801,Hierarchy View - would like to get type Javadoc hover [type hierarchy],enhancement,non-critical feature request,can wait (low urgency)
64756,TableEditor does not refresh arbitrary controls when scrolling horizontically,normal,user-facing bug,needs attention soon
330763,Support ResolverHook during build,enhancement,non-critical feature request,can wait (low urgency)
97275,method reference should not contain type variable anymore,normal,user-facing bug,needs attention soon
95806,3.1M7: cannot parse plugin.xml during JUnit tests after build,normal,user-facing bug,needs attention soon
44992,Eclipse cannot start after extracting eclipse3.0M4 build on 2.1.1,critical,system failure / crash,immediate action required
76371,Cutting and pasting slow in I20041013,normal,performance degradation,needs attention soon
328009,"Tool bar contributions to standalone view with no title ,are misaligned",normal,user-facing bug,needs attention soon
4269,Simplifying debugger perspective (1GKRAWI),normal,user-facing bug,needs attention soon
255093,"In C++ refactoring, selection should be updated like Java refactorings do",minor,user-facing bug,needs attention soon
154208,add margins in tools settings block,trivial,non-critical feature request,can wait (low urgency)
325962,[projection] Code folding behaves in unexpected ways in presence of syntax errors,normal,user-facing bug,needs attention soon
99677,[render] render synthetic bridge methods with icon adornment or textual decoration,enhancement,non-critical feature request,can wait (low urgency)
199803,"Really slow editor, Java (Others?)",normal,performance degradation,needs attention soon
17607,Build unzips with wrong permissions,major,user-facing bug,needs attention soon
151047,[extract superclass] Extract Supertype duplicates code,normal,user-facing bug,needs attention soon
59253,MakefileEditor File > Save As fails to save CDT files in different project,normal,user-facing bug,needs attention soon
85412,changing link foreground does not repaint,normal,user-facing bug,needs attention soon
104122,[Wizards] Cannot import mulitple projects as Java projects,enhancement,non-critical feature request,can wait (low urgency)
306914,Possible deadlock when big chunk of data is written by the process,major,system failure / crash,immediate action required
202632,Inconsistent shared library version number inside swt-3.3M5-motif-hpux-PA_RISC.zip,normal,user-facing bug,needs attention soon
12748,Snippet editor in debug perspective,normal,user-facing bug,needs attention soon
98514,[K&R C] displays invalid errors on correct K&R C syntax,normal,user-facing bug,needs attention soon
71005,deleting extension point does not delete exsd file,normal,user-facing bug,needs attention soon
52084,[Workbench] view toolbars should use regular background color,normal,user-facing bug,needs attention soon
117322,IFileSystem#getStore() should throw CoreException,normal,user-facing bug,needs attention soon
36871,eclipse creates /tmp/platform,normal,user-facing bug,needs attention soon
84969,Save Failed :null occurs when trying to save a jsp page with tlds included,major,user-facing bug,needs attention soon
259464,NPE in WorkbenchPage for RCP app with no cool bar,normal,system failure / crash,immediate action required
14696,Type in search results,normal,user-facing bug,needs attention soon
178062,Unwanted warnings in build.properties,normal,user-facing bug,needs attention soon
51992,[Views] NPE in ContentOutline.showPageRec,major,system failure / crash,immediate action required
172763,SWT Browser In JFrame - Not Visable Until Resize.,normal,user-facing bug,needs attention soon
10665,"provide ""go to declaration""",enhancement,non-critical feature request,can wait (low urgency)
41154,[Dialogs] Open Resource: Resource list lags,normal,performance degradation,needs attention soon
26899,redefine compatible cvs repositories,enhancement,non-critical feature request,can wait (low urgency)
61961,dangerous practice of catching Throwable,normal,user-facing bug,needs attention soon
108453,"[quick fix] @SuppressWarnings(""nls"") on static initializer causes error",major,user-facing bug,needs attention soon
249755,"OperationCanceledException is not handled by org.eclipse.compare.structuremergeviewer.StructureCreator.createStructure(Object, IProgressMonitor)",normal,user-facing bug,needs attention soon
155760,[Help] Help UI is not working using JNLP in RCP,normal,user-facing bug,needs attention soon
20508,TVT2: hardcoded string in NewTestSuiteCreationWizardPage.java,normal,user-facing bug,needs attention soon
6835,characters צהו and £ doesn't work in Java editor on Swedish keyboard,normal,user-facing bug,needs attention soon
89956,"[Intro] Mac, AMD64 - Welcome page shows wrong icons",blocker,system failure / crash,immediate action required
129772,Toolbar incorrectly bleeds through to editor window,normal,user-facing bug,needs attention soon
53414,Can select two default JREs,normal,user-facing bug,needs attention soon
56351,"[Activities] ""new project"" filtering with activities",normal,user-facing bug,needs attention soon
19565,Eclipse hung on Win98 - too many editors open? [general issue],normal,user-facing bug,needs attention soon
45096,[plan item] Generalize content assist to be available on elements other than the ITextViewer,normal,user-facing bug,needs attention soon
17086,Emacs: problems with mark,major,user-facing bug,needs attention soon
65277,Preference dialog should disable OK when okPressed,normal,user-facing bug,needs attention soon
10149,StyledText - option to change selection bg color,enhancement,non-critical feature request,can wait (low urgency)
183023,[JUnit] Subclass of testclass is not recoginzed as test class if all test methods are inherited only,normal,user-facing bug,needs attention soon
198927,Provide error reporting around invalid Bundle-ManifestVersion's,major,non-critical feature request,can wait (low urgency)
316643,Cannot enter Report Conversion Patterns on API Use Report External Tool Launch,normal,user-facing bug,needs attention soon
25702,[External Tools] Restore defaults does not work,normal,user-facing bug,needs attention soon
120875,Javadoc extraction might includes optional annotation type member information for an annotation type,normal,user-facing bug,needs attention soon
124141,[Progress] ProgressView does not populate until first update occurs,major,user-facing bug,needs attention soon
292688,[dis] DSF Disassembly: Reduce maximum width of FunctionOffset Ruler Column,minor,user-facing bug,needs attention soon
57312,[runtime] prefs: should rename or delete legacy prefs file?,normal,user-facing bug,needs attention soon
69209,ConcurrentModificationException closing eclipse after commit of build.xml,normal,system failure / crash,immediate action required
39887,Resource exception while indexing,normal,system failure / crash,immediate action required
35402,Install manager refuses further installs if current configuration has problems,major,user-facing bug,needs attention soon
70973,doc.user plugins missing from drops,blocker,system failure / crash,immediate action required
40020,Exceptions in console,normal,user-facing bug,needs attention soon
152188,[IDE] Add project identifier to window title when editing file,enhancement,non-critical feature request,can wait (low urgency)
200452,Europa PDE won't start plugins -- java.lang.ClassNotFoundException: org.eclipse.core.runtime.adaptor.EclipseStarter,normal,system failure / crash,immediate action required
91002,NumberFormatException in MIPreferencePage#storeValues(),normal,system failure / crash,immediate action required
277219,[LinkedResources] File creation wizard allows creation of linked file without link location,normal,user-facing bug,needs attention soon
70350,Sort Open Type dialog such that jars go to the bottom,enhancement,non-critical feature request,can wait (low urgency)
195056,[refactoring scripts] Scriptable Refactoring XML is not human understandable,enhancement,non-critical feature request,can wait (low urgency)
162112,Hitting help buttton multiple times causes dialog to resize,normal,user-facing bug,needs attention soon
7796,Inconsistent use of Shortcut key letters in several menus,normal,user-facing bug,needs attention soon
20366,[F3] Unwanted switch to first edit window when opening 2nd.,normal,user-facing bug,needs attention soon
110705,Add filtered text to CVS repositories view.,normal,user-facing bug,needs attention soon
116931,New TeamHook validation methods,normal,user-facing bug,needs attention soon
337119,Unpredictable behavior of posted key events on Linux,normal,user-facing bug,needs attention soon
210422,[compiler] Need to have local bindings created in error cases,normal,user-facing bug,needs attention soon
45108,[Contributions] SubContributionManger.find(String) throws exception,major,user-facing bug,needs attention soon
75161,eclipse debugger hangs on Mdk 10.1 CE,normal,system failure / crash,immediate action required
78425,[Bugs] Blank window shown when bug system first installed,normal,user-facing bug,needs attention soon
37719,[EditorMgmt] [ViewMgmt] Unify editors and views,enhancement,non-critical feature request,can wait (low urgency)
106262,Javadoc: preformatted regions are indented with each auto-format,normal,user-facing bug,needs attention soon
159138,[projection] Need a way to append to a folded region without first expanding,enhancement,non-critical feature request,can wait (low urgency)
36580,Bad Line Ending handling on Linux & Solaris,minor,user-facing bug,needs attention soon
55805,Error overlay does not disappear from features on review page.,normal,user-facing bug,needs attention soon
130199,Package navigation in ManifestEditor,normal,user-facing bug,needs attention soon
89390,Update Manager help refers to Install Perspective,trivial,non-critical feature request,can wait (low urgency)
95164,[extract local] fails in switch,normal,user-facing bug,needs attention soon
43086,NPE in PatternLocator.matchesTypeReference,major,system failure / crash,immediate action required
65411,Thread deadlock (?) after changing the class path.,normal,system failure / crash,immediate action required
63148,[Scanner Config] Docs improvements,normal,user-facing bug,needs attention soon
293583,non-externalized string warning in P2Utils,normal,user-facing bug,needs attention soon
344023,Need a way to override Find action of Variables view and its derived classes.,enhancement,non-critical feature request,can wait (low urgency)
263539,[cocoa] display loop on the 'non-main' thread freezes up.,normal,system failure / crash,immediate action required
211928,ExpressionDropAdapter makes implementation to IWatchExpressionFactoryAdapterExtension mandatory,normal,user-facing bug,needs attention soon
59495,Would like a way to plug customized dispay for .class files,enhancement,non-critical feature request,can wait (low urgency)
117410,MESSAGE java.lang.NullPointerException encountered while running MyEclipse Spring Project Builder,normal,system failure / crash,immediate action required
152027,Adding partial source folder to project mismanages package,normal,user-facing bug,needs attention soon
192624,Remove tag feature in the CVS client,enhancement,non-critical feature request,can wait (low urgency)
41602,missing @exception in javadoc of IPackageFragment.getNonJavaResources,trivial,non-critical feature request,can wait (low urgency)
3088,[runtime] <export> visibility filters ignored in development mode (1GHFHV7),normal,user-facing bug,needs attention soon
168072,"[breakpoints] cut text with breakpoint, undo - breakpoint does not re-appear",normal,user-facing bug,needs attention soon
24720,ReferenceTypeImpl performance issue,enhancement,performance degradation,needs attention soon
80803,Project-specific compiler preferences should be committable,normal,user-facing bug,needs attention soon
341231,[breadcrumb][api] Make breadcrumb APIs as public APIs,enhancement,non-critical feature request,can wait (low urgency)
110925,[formatter] annotation formatting bug,normal,user-facing bug,needs attention soon
167495,[Webapp] 404 page not found error in toc view,normal,user-facing bug,needs attention soon
66170,Different implementation of method override - ctrl+space vs Override/Implement method dialog [code manipulation],normal,user-facing bug,needs attention soon
51864,Compiler incorrectly reports exception on overriding method,normal,user-facing bug,needs attention soon
274532,Cannot scroll to bottom of virtual table,normal,user-facing bug,needs attention soon
138126,Exception creating new launch configuration,normal,user-facing bug,needs attention soon
105851,Allow per instance configuration of the framework,enhancement,non-critical feature request,can wait (low urgency)
18104,Mnemonic collision on Edit menu,normal,user-facing bug,needs attention soon
11310,Move dialog: Update references unnecessarily disabled,normal,user-facing bug,needs attention soon
244445,"cannot disable ""automatically indent : new lines and braces""",enhancement,non-critical feature request,can wait (low urgency)
90466,Class loading taking in around 10ms per class,normal,user-facing bug,needs attention soon
53651,[Workbench] copy preference for show/hide of text on perspective bar to the bar,normal,user-facing bug,needs attention soon
128963,[compiler] null reference analysis: incorrect analysis,normal,user-facing bug,needs attention soon
135071,[Trim] Swtich to 'ragged' trim,normal,user-facing bug,needs attention soon
248431,"Restore from Local History... does nothing, logs StringIndexOutOfBoundsException",normal,system failure / crash,immediate action required
122743,ToggleBreakpointAction must implement IUpdate,normal,user-facing bug,needs attention soon
22458,Refactoring a package does not move the package's directory,major,user-facing bug,needs attention soon
283575,[1.5][compiler] Compiler Error in type inference.,normal,user-facing bug,needs attention soon
70390,bad or incorrect error message,normal,user-facing bug,needs attention soon
68696,eclipse 3.0 relese version crashed after splash screen,critical,system failure / crash,immediate action required
143849,[JUnit] Run/Debug/Profile As > JUnit shortcut doesn't work in the navigator view,major,user-facing bug,needs attention soon
178697,[History] History-keeping folder deletion moves symlinks into local history zone,normal,user-facing bug,needs attention soon
217318,Importing an Ant file with references to environment variables in a path element causes an error,normal,user-facing bug,needs attention soon
288833,Breakpoint export wizard should be able to make better initial selections,enhancement,non-critical feature request,can wait (low urgency)
55899,NPE & Assertion Failure in Call Hierarchy,normal,system failure / crash,immediate action required
109320,[Viewers] clicking Ignore whitespace toolitem throws part focus,normal,user-facing bug,needs attention soon
26310,[Workbench] Compiler warnings in EditorManager,normal,user-facing bug,needs attention soon
72422,[Sync View] Sync view population job should mention view,minor,user-facing bug,needs attention soon
31146,puzzling message output level issues,normal,user-facing bug,needs attention soon
84740,crash on windows xp korean,normal,system failure / crash,immediate action required
23985,"XMLMemento is great, but needs a few more APIs",enhancement,non-critical feature request,can wait (low urgency)
79119,Should Provide an ExternalFiles Folder for External Matches,normal,non-critical feature request,can wait (low urgency)
97583,Managed Views not closed,normal,user-facing bug,needs attention soon
294469,Crash collapsing tree item in sync view,normal,system failure / crash,immediate action required
7171,[Presentations] Views should have half height title bars,enhancement,non-critical feature request,can wait (low urgency)
78149,[model] IType.resolveType(String typeName) fails,normal,user-facing bug,needs attention soon
272334,[quick assist] 'Replace conditional with if-else' should also work on VariableDeclarationFragment,enhancement,non-critical feature request,can wait (low urgency)
45734,Need some speed improvements when closing projects.,normal,performance degradation,needs attention soon
70198,Semantic checks on plugin.xml,normal,user-facing bug,needs attention soon
281951,[rename] Rename method with name of constructor results in unexpected behavior,major,user-facing bug,needs attention soon
255201,"[WorkingSet UI] Missing ""Merge All"" in ""Import Project Set""",normal,user-facing bug,needs attention soon
132830,new variables view: please select the row when clicked on any column,normal,user-facing bug,needs attention soon
10389,Editing non-Java files causes a recompile,minor,user-facing bug,needs attention soon
339224,"[content assist] ',' does not jump to the next argument if linked position has no proposal",enhancement,non-critical feature request,can wait (low urgency)
97823,Unable to delete the Project,normal,user-facing bug,needs attention soon
298766,[StyledText] some keys do not work when mouse button 1 pressed,normal,user-facing bug,needs attention soon
155931,"""Invalid character constant"" when exporting plugin or product",major,user-facing bug,needs attention soon
208611,Space in install path causes IllegalArgumentException during export or update site build,normal,system failure / crash,immediate action required
14501,[Preferences] build order pref page should have icons,enhancement,non-critical feature request,can wait (low urgency)
131123,[call hierarchy] Change to search scope should update view,enhancement,non-critical feature request,can wait (low urgency)
73039,PluginDescriptor.find returns unnecessary /,normal,user-facing bug,needs attention soon
84589,"allow event listeners to specify ""add to end of list""",enhancement,non-critical feature request,can wait (low urgency)
60664,Deadlock terminating a session,normal,system failure / crash,immediate action required
240503,Linux startup is broken since windows workspace copy,blocker,system failure / crash,immediate action required
70195,Enhance menu's font setting,enhancement,non-critical feature request,can wait (low urgency)
29618,Strange error in CVSLightweightDecorator,normal,user-facing bug,needs attention soon
41778,Move directly to first change in next file,enhancement,non-critical feature request,can wait (low urgency)
4825,Toolbar button roll-over highlight does not match OS apps (1GJUQZQ),normal,user-facing bug,needs attention soon
6853,extension-properties not shown under some circumstances,normal,user-facing bug,needs attention soon
111316,IndexOutOfBoundsException replacing text,normal,system failure / crash,immediate action required
266022,Mac launching bundle should be split into two,normal,user-facing bug,needs attention soon
29991,Change to file did not show up in sync,normal,user-facing bug,needs attention soon
70501,[classpath] Capability of linking external resources to lower level of a project structure,enhancement,non-critical feature request,can wait (low urgency)
326867,debug view messed up on terminate,normal,user-facing bug,needs attention soon
24853,Possible to add a detail formatter for the same type more than once,normal,non-critical feature request,can wait (low urgency)
86547,[Bindings] problems with bindings associated with functions that have default arguments,normal,user-facing bug,needs attention soon
341632,[Accessibility] Traditional memory rendering is not accessible by keyboard,normal,user-facing bug,needs attention soon
293747,[Help][Print]Add maximum printed topics and maximum connections to the preference to optimize the quick print operation,normal,user-facing bug,needs attention soon
64112,[Workbench] NullPointerException in PerspectiveHelper.partChangeAffectsZoom (line 1002),normal,system failure / crash,immediate action required
170069,Cleanup profile customization provides no OK button,normal,user-facing bug,needs attention soon
277556,[preferences] Syntax Coloring Preview Window is showing colors to incorrect char set for classes element,normal,user-facing bug,needs attention soon
206350,Using the default locale on the Build Notes page,trivial,non-critical feature request,can wait (low urgency)
86409,Bad default combo-box text in 'Edit Library' JRE dialog,normal,user-facing bug,needs attention soon
334774,"In the package explorer when ""Link with Editor"" is active closing a file in the editor jumps to the just closed file",minor,user-facing bug,needs attention soon
101466,[MBS]: IDE freezes when drag Mgd project properites page,critical,system failure / crash,immediate action required
300508,Fix dead code compile errors,normal,user-facing bug,needs attention soon
25558,[Editor Mgmt] Dropdown menus on forward/back nav buttons,major,user-facing bug,needs attention soon
167408,"""Build failed"" is too strong of a message for a build where map files have not changed",normal,system failure / crash,immediate action required
284113,"Enhance working with Plug-ins selection in ""Run Configurations...""",enhancement,non-critical feature request,can wait (low urgency)
34331,Double click at end of block does not highlight block,normal,user-facing bug,needs attention soon
90853,Dynamic option to ignore whitespaces,enhancement,non-critical feature request,can wait (low urgency)
297986,Launch config should abstract the JRE,normal,user-facing bug,needs attention soon
99399,[1.5][assist] Code assist propose final classes in methods type parameter extends clause,normal,user-facing bug,needs attention soon
146394,Access to a inherited member from a internal class on a non-internal class should not be warned,normal,user-facing bug,needs attention soon
79866,[search] Search match should persist match rule for filtering at a later stage,normal,user-facing bug,needs attention soon
76343,"Formatter, Blank Line Before Closing Brace in Class Definition",enhancement,non-critical feature request,can wait (low urgency)
109596,[Decorators] could not clear the cached images from the DecorationScheduler,enhancement,non-critical feature request,can wait (low urgency)
178712,[Perspectives] Minimized stacks in 'perspectiveExtensions' use the old behavior,normal,user-facing bug,needs attention soon
31297,filters for elements with no errors/warnings [package explorer] [filters],enhancement,non-critical feature request,can wait (low urgency)
19122,ANT executes in wrong directory,major,user-facing bug,needs attention soon
49439,[EditorMgmt] need a show/hide editor button near pin editor,enhancement,non-critical feature request,can wait (low urgency)
102506,double listed directory names in source for linked sources,normal,user-facing bug,needs attention soon
223315,[breakpoints] Inner class defined in a method can produce multiple breakpoints in the same line,normal,user-facing bug,needs attention soon
274020,Code assist fails to deliver proposals,normal,user-facing bug,needs attention soon
103273,[EditorMgmt] icon cannot be specified per content-types,enhancement,non-critical feature request,can wait (low urgency)
57250,Deleting matches doesn't work after last match of group was deleted,minor,user-facing bug,needs attention soon
242760,[Browser] Delete key is eaten in Internal Web Browser,major,user-facing bug,needs attention soon
152382,Eclipse 3.2 cpu loop,normal,performance degradation,needs attention soon
214923,Inform user when extension point schema unavailable,normal,user-facing bug,needs attention soon
228840,Invalid Plug-in ID should be error severity instead of warning,normal,user-facing bug,needs attention soon
60470,Editor does not react any more after refactoring,normal,user-facing bug,needs attention soon
264908,[target] Allow cancellation of the edit target wizard while resolving target,normal,non-critical feature request,can wait (low urgency)
79188,[Viewers] (Table)Viewer should allow update of a known (Table)Item,enhancement,non-critical feature request,can wait (low urgency)
236140,[refactoring] Add a refactoring for 'Hide Delegate',enhancement,non-critical feature request,can wait (low urgency)
4129,DCR: Text Search results should show platform icon (1GIT98J),enhancement,non-critical feature request,can wait (low urgency)
304528,compare against 3.5.2,normal,user-facing bug,needs attention soon
287596,http://eclipse.org/swt/macgen.php needs to be updated,normal,user-facing bug,needs attention soon
23871,Core dump running test suites,normal,system failure / crash,immediate action required
102130,Compiler should not warn about non-externalized string in annotation,normal,user-facing bug,needs attention soon
9428,Gradients start grayed,normal,user-facing bug,needs attention soon
172976,Console view showing wrong label,major,user-facing bug,needs attention soon
4321,[nls tooling] outline for .properties files,enhancement,non-critical feature request,can wait (low urgency)
190508,[infer type arguments] Infer Generics Refactoring Broken,major,user-facing bug,needs attention soon
8372,CVS hangs/crashes during checkout of big files over intranet (reproducable),critical,system failure / crash,immediate action required
820,Welcome: Workbench User Guide does not show anything by default (1GEUWHF),normal,user-facing bug,needs attention soon
81590,[1.5][compiler] Iteration over nested arrays is broken,normal,user-facing bug,needs attention soon
96409,Compliance level '1.4' is incompatible with source level '1.5',normal,user-facing bug,needs attention soon
10694,[templates] need more flexible type mechanism,normal,user-facing bug,needs attention soon
100885,Keyboard paste (Cmd-V) starts going to wrong tab/view,normal,user-facing bug,needs attention soon
112641,cannot open binary file from CVS,normal,user-facing bug,needs attention soon
88550,[Wizards] Wizard and Configuration Fonts,normal,user-facing bug,needs attention soon
338649,[perfs] Regression on FullSourceWorkspaceModelTests#testInitJDTPlugin,normal,user-facing bug,needs attention soon
127904,SWTException: Widget is disposed creating new extension,major,system failure / crash,immediate action required
204675,'Convert Line Delimeters To' option doesn't mark the latest choice,normal,user-facing bug,needs attention soon
179662,Implement configuration-based scanner discovery in the make.core,enhancement,non-critical feature request,can wait (low urgency)
81374,[rename] RippleMethodFinder2 should accept a RefactoringStatus and flag binary methods in ripple,normal,user-facing bug,needs attention soon
302863,[WorkbenchParts] EditorActionBars doesn't get propertly activated after exception during editor initialization,normal,user-facing bug,needs attention soon
96627,USABILITY: Renaming a folder should move make targets to new folder,normal,user-facing bug,needs attention soon
175151,"move OpenTypeDialog/Action, AllTypesCache to use the IIndex API",normal,user-facing bug,needs attention soon
330256,"Make ""Organize Manifest"" wizard run with Orbit projects",enhancement,non-critical feature request,can wait (low urgency)
264610,[Forms] Screen reader won't read links in a FormText widget.,normal,user-facing bug,needs attention soon
26036,refactor: extract local variable: inserts new variable at wrong block,normal,user-facing bug,needs attention soon
114979,"""ftp"" feature for ""ant"" doesn't work",normal,user-facing bug,needs attention soon
108519,ClassCastException,normal,system failure / crash,immediate action required
269610,Drop-Indicator-Rectangle for docked Items incorrect,minor,user-facing bug,needs attention soon
124333,Target platform stale - didn't switch to the new build,normal,user-facing bug,needs attention soon
183685,[preferences] UI for Wrap binary expression before operator,normal,user-facing bug,needs attention soon
108915,Ant build terminates while signing jar using jarsigner,major,user-facing bug,needs attention soon
212885,[Markers] Markers view: Configure Contents... dialog should not use 'Filters',normal,user-facing bug,needs attention soon
35346,Eclipse crash opening preferences of third party plugin,normal,system failure / crash,immediate action required
30259,launching always asks if I want to delete the workspace,normal,user-facing bug,needs attention soon
25847,Support for Java 1.4 chained exceptions,enhancement,non-critical feature request,can wait (low urgency)
292901,"Confusing ""Target"" group for children filters",normal,user-facing bug,needs attention soon
38855,regression - Table.getImageBounds returns incorrect value,critical,system failure / crash,immediate action required
26626,hot plugin plugin?,enhancement,non-critical feature request,can wait (low urgency)
24254,Type Hierarchy doesn't show all members,minor,user-facing bug,needs attention soon
49056,[FAQ 2.1.3] CVS 1.12.x server compatibility,normal,user-facing bug,needs attention soon
101048,Broken links in root javadoc files,normal,non-critical feature request,can wait (low urgency)
17357,[Outline] Outline View text cut off,normal,user-facing bug,needs attention soon
188887,[PropertiesDialog] File size in resource properties info too many digits,enhancement,non-critical feature request,can wait (low urgency)
74710,[Commit Sets] Problems displaying folders,normal,user-facing bug,needs attention soon
88666,"[content type] schema should assign ""java"" type to the describer attribute",normal,user-facing bug,needs attention soon
309842,Consider creating a product for pde build,enhancement,non-critical feature request,can wait (low urgency)
28504,"Pesimistic VC: Content Assist dissabled, Quick Fix still available",normal,user-facing bug,needs attention soon
323278,"Indexer reports ""return has value, in function returning void"" when void func returns the return value of void func.",normal,user-facing bug,needs attention soon
90085,Auto Completion mal-function in M5a and M6,enhancement,non-critical feature request,can wait (low urgency)
17998,[ExternalTools] missing help context ids,normal,user-facing bug,needs attention soon
32361,"""Link Java Browsing view to active Editor"" not working in M5",normal,user-facing bug,needs attention soon
295401,Renaming Java project with a breakpoint throws an exception,major,user-facing bug,needs attention soon
233159,P2Installer doesn't work on a Mac,critical,system failure / crash,immediate action required
167640,Opening plugin.xml throws error in fast partitioner,normal,user-facing bug,needs attention soon
127768,[Model Sync] Clean Timestamps doesn't always work,normal,user-facing bug,needs attention soon
289883,New TEAM feature to collect commit comments incrementally,enhancement,non-critical feature request,can wait (low urgency)
157464,[consistency] Arrow-Buttons on Mac dont support MouseListeners,normal,user-facing bug,needs attention soon
283169,[examples] Add pre-processor generated source files to a .cvsignore file.,normal,user-facing bug,needs attention soon
16474,FTP: Contents fetched when right-clicking in site explorer,normal,user-facing bug,needs attention soon
36130,keyboard shortcut for line commenting,minor,user-facing bug,needs attention soon
83195,Mnemonic collision on AntJRETab,normal,user-facing bug,needs attention soon
182313,Compare viewer context menu actions are missing mnemonics,trivial,non-critical feature request,can wait (low urgency)
160929,[Help] Javascript error in indexList.jsp,normal,user-facing bug,needs attention soon
217671,[Contributions] WorkbenchMenuService leaks editor after context menu opened,critical,system failure / crash,immediate action required
82330,IAE exception in Inline Method [refactoring],normal,user-facing bug,needs attention soon
79925,[consistency] Button MenuDetect preceeds MouseDown,normal,user-facing bug,needs attention soon
19719,Hover Text Stops Working After Turning Off And Then On Again.,normal,user-facing bug,needs attention soon
87627,[1.5][search] references to type variable yield non-existent elements in search view,normal,user-facing bug,needs attention soon
209326,[formatter] Save Actions does not remove trailing blanks inserted by Formatter,normal,user-facing bug,needs attention soon
205038,ResourceModelContentProvider#dispose() can throw NPE,normal,system failure / crash,immediate action required
306822,We need context for IncrementalProjectBuilder#getRule(),normal,user-facing bug,needs attention soon
22965,[Import/Export] import/export enhancement,enhancement,non-critical feature request,can wait (low urgency)
154023,Can't get a Dialog truely on TOP,normal,user-facing bug,needs attention soon
257915,Autocomplete doesn't work inside Exception handlers created by #define,normal,user-facing bug,needs attention soon
274271,SHEET Javadoc issues,normal,user-facing bug,needs attention soon
279522,[Test] Seperate Link checker tests into generated/non generated,enhancement,non-critical feature request,can wait (low urgency)
115303,Add support for cyclic dependencies in projects,enhancement,non-critical feature request,can wait (low urgency)
29069,'open external javadoc' appears incorrectly in key binding list,trivial,non-critical feature request,can wait (low urgency)
191121,[C99 parser] fix performance issues,normal,performance degradation,needs attention soon
257494,Ant task hangs in logging call,normal,system failure / crash,immediate action required
62046,[Progress] % complete not shown in progress view,normal,user-facing bug,needs attention soon
178780,[MPE] Improve MultiPageEditorPart.setActiveEditor,enhancement,non-critical feature request,can wait (low urgency)
290618,[push down] program behavior changes: calls overloaded method,normal,user-facing bug,needs attention soon
270548,[formatter] code formatter does not respect spaces for line wrapping indent,normal,user-facing bug,needs attention soon
92119,[variables] Debugger: Ability to view a char array/sequence as an arrary of integers.,enhancement,non-critical feature request,can wait (low urgency)
129703,SWT.VIRTUAL limitations via TableItem [] items,normal,user-facing bug,needs attention soon
16775,TableTree.setSelection/showItem fails for deeply nested items,normal,user-facing bug,needs attention soon
64537,Internal errror opening in-place browser,major,user-facing bug,needs attention soon
12451,Got unhandled debug exception when launching workspace,normal,system failure / crash,immediate action required
304792,[move method] Move a single function between interfaces does not work.,minor,user-facing bug,needs attention soon
274690,MenuItem accelerator text not rendered on Cocoa,normal,user-facing bug,needs attention soon
204417,NullPointerException in SelectionOnQualifiedAllocationExpression.resolveType,normal,system failure / crash,immediate action required
72400,anonymous inner class's override method sign doesn't appear,normal,user-facing bug,needs attention soon
26546,In/correct quick fix for non-static access to static member [quick fix],normal,user-facing bug,needs attention soon
44008,[browser] Browser component grabs focus when loaded.,normal,user-facing bug,needs attention soon
201548,[Editor] Need partition scanner for assembly content,normal,user-facing bug,needs attention soon
101799,Enabling advanced graphics will cause alpha gradient to be applied,normal,user-facing bug,needs attention soon
284393,[Forms] Allow FormText to be transparent,major,non-critical feature request,can wait (low urgency)
98379,"[1.5][compiler] Type Inference on static method allowed by eclipse, not by javac",normal,user-facing bug,needs attention soon
208589,Key shortcuts F3 and F4 should work in Variables view to open type / hierarchy,enhancement,non-critical feature request,can wait (low urgency)
79792,Constructor reference not found,normal,user-facing bug,needs attention soon
242014,[delta] IJavaElementDelta.F_CONTENT not set in Java element delta in case of IResource.touch(...),normal,user-facing bug,needs attention soon
9558,junit wizard: does not detect all existing classes,normal,user-facing bug,needs attention soon
240837,DVT34: broken link in documentation,normal,non-critical feature request,can wait (low urgency)
6917,OS.EnableWindow should be called when opening modal dialog,normal,user-facing bug,needs attention soon
150535,java text editor does not honor system default theme in high contrast,normal,user-facing bug,needs attention soon
27261,"""Content Assist"" vs ""Code Assist""",normal,user-facing bug,needs attention soon
73997,Code Formatter mishandles <pre> and <blockquote> tags,normal,user-facing bug,needs attention soon
29716,Default CodeFormatter problems,normal,user-facing bug,needs attention soon
53378,[syntax highlighting] Preview and Apply do not work for syntax highlighting preference page,major,user-facing bug,needs attention soon
17132,Advanced dialog on class path config tabs should not be a title area dialog,normal,user-facing bug,needs attention soon
4662,DCR: Refactor PrintJob out of Printer (1GFW8OM),normal,non-critical feature request,can wait (low urgency)
117527,[Eclipse Forms] Switching from product configuration from plug-in to feature looses the content of the other pages from the editor,critical,system failure / crash,immediate action required
37303,Remove X dependency,normal,user-facing bug,needs attention soon
117983,[KeyBindings] registry: Can't delete key binding by unsetting commandId,normal,user-facing bug,needs attention soon
50851,[reorg] constructor not visible after class move / refactoring,normal,user-facing bug,needs attention soon
42826,Flat Table,normal,user-facing bug,needs attention soon
92015,[IDE] IDEWorkbenchWindowAdvisor updates the window title too often,normal,user-facing bug,needs attention soon
284844,[Layout] The GridLayout is not shown correctly.,normal,user-facing bug,needs attention soon
115464,Bring back 'Show In Package Explorer',normal,user-facing bug,needs attention soon
339913,[compiler] Misleading error message for annotations inside a method body,normal,user-facing bug,needs attention soon
214144,Internal Web browswer location bar closes unexpectedly,normal,user-facing bug,needs attention soon
26907,Team file types are not dynamically updated!,normal,user-facing bug,needs attention soon
253174,[Contributions] Contributions to the status trim bar are never disposed.,normal,user-facing bug,needs attention soon
129853,Wrong window comes to the front when stepping,normal,user-facing bug,needs attention soon
123635,run/debug latest fails when filtered,normal,user-facing bug,needs attention soon
75734,[Dialogs] IllegalArgumentException in ResourceListSelectionDialog.,minor,system failure / crash,immediate action required
113159,CUEditor won't let me insert just one TAB,normal,user-facing bug,needs attention soon
341298,Pass automatically provided options to Java 6 processors,normal,user-facing bug,needs attention soon
296677,Build feature shows no error messages,normal,user-facing bug,needs attention soon
135154,[Contributions] ObjectContribtution doesnt work with mixed objects in IStructuredSelection,normal,user-facing bug,needs attention soon
260394,[Index] The size of an array is not stored in the index,enhancement,non-critical feature request,can wait (low urgency)
11892,Color Buttons in Java Editor page are very small,normal,user-facing bug,needs attention soon
228983,[rename] method rename,normal,user-facing bug,needs attention soon
64401,[Workbench] Switching perspectives leaves cheese,normal,user-facing bug,needs attention soon
52870,check for unused or unread private members fails,minor,user-facing bug,needs attention soon
94813,ecj bootstrap sets compile properties and then ignores them,trivial,non-critical feature request,can wait (low urgency)
87920,"ExtractMethod refactoring should not use ASTNodeFactory.newType(AST, ITypeBinding, boolean)",normal,user-facing bug,needs attention soon
27071,VerifyError should be diagnosed,normal,system failure / crash,immediate action required
262163,[Templates] resolution of  dep. bindings doesn't consider bases,normal,user-facing bug,needs attention soon
319828,Help documents will be displayed in mess when there exist complex contents or layout.,normal,user-facing bug,needs attention soon
227397,"add new versions of equinox.jetty, orbit bundles to build",normal,user-facing bug,needs attention soon
212849,[GTK 64] (Patch) Printer.endJob() should not return until print job is successfully sent,normal,user-facing bug,needs attention soon
150486,[ActionSets] Rename Action/Handler,enhancement,non-critical feature request,can wait (low urgency)
221988,[Viewers] AbstractTreeViewer.insert fails if parent element has no children realized,major,user-facing bug,needs attention soon
320275,[1.5][compiler] The hierarchy of the type AbstractSubClass is inconsistent,normal,user-facing bug,needs attention soon
224062,[Contributions] BIDI3.4:HCG Mixed menu entries should be RTL-oriented,normal,user-facing bug,needs attention soon
21319,[About] plugin about.ini overloaded,major,user-facing bug,needs attention soon
286107,[ViewMgmt] [GlobalActions] Closing project ignores Saveables,major,user-facing bug,needs attention soon
167347,markerImageProviders extension point should be API,normal,user-facing bug,needs attention soon
305937,[Webapp] Breadcrumbs and child links not filtered correctly,normal,user-facing bug,needs attention soon
68799,"PlatformURLResourceConnection.getContentHandler() does not handle NPE returned by URLConnection getHeaderField(""content-type"")",critical,system failure / crash,immediate action required
331664,Build only the actual target to run,enhancement,non-critical feature request,can wait (low urgency)
18682,"[ExternalTools] ""tool's file does not exist""/""could not find one or more classes""",major,user-facing bug,needs attention soon
127773,[introduce indirection] wizard page should set width hint for declaring class combo,normal,user-facing bug,needs attention soon
153132,[Model] Adapters not requested for IWorkbenchAdapter and IActionFilter,normal,user-facing bug,needs attention soon
88282,ClassCastException opening this type,critical,system failure / crash,immediate action required
344384,[SWT_AWT] Display.asyncExec runnables are not run when modal dialog is shown,major,user-facing bug,needs attention soon
11057,shortcut for maximize editor,enhancement,non-critical feature request,can wait (low urgency)
17651,creating and comparing patch wizards have different widget order,enhancement,non-critical feature request,can wait (low urgency)
183635,[package explorer] Working Set selections are lost when Package Explorer is closed,normal,user-facing bug,needs attention soon
138336,"System.getProperty(""MY_SYST_VAR"") returns null",normal,user-facing bug,needs attention soon
105278,Problems with generics and exceptions from other classes,minor,user-facing bug,needs attention soon
66754,Include Paths & Symbols properties page does not resize.,normal,user-facing bug,needs attention soon
237236,[compiler][null] extending nonnull analysis to final fields,enhancement,non-critical feature request,can wait (low urgency)
288026,ArrayIndexOutOfBoundException applying patch,normal,system failure / crash,immediate action required
102839,[templates][5.0] Editor template for printf,enhancement,non-critical feature request,can wait (low urgency)
274167,[target] Hitting apply button does not update reload button.,trivial,non-critical feature request,can wait (low urgency)
20373,Bidi - Hebrew text loaded from file not displayed correctly,normal,user-facing bug,needs attention soon
89582,[Forms] Title Area doesn't consider size of widgets,normal,user-facing bug,needs attention soon
54222,'Hide Local Types' button doesn't hide local types in field declaration,normal,user-facing bug,needs attention soon
13949,DBCS: bogus at text compare,critical,system failure / crash,immediate action required
33934,CTabFolder's closeImage invisible in High Contrast mode,normal,user-facing bug,needs attention soon
102147,paint bug in disabled button with png image,critical,system failure / crash,immediate action required
6055,rename a read-only package does not issue a warning,normal,user-facing bug,needs attention soon
239198,[compiler] NegativeArraySizeException thrown for triple quotes,normal,user-facing bug,needs attention soon
168230,[1.5][compiler] Non-generic methods can be called with type arguments,normal,user-facing bug,needs attention soon
292467,[breakpoints] Redundant call to updateBreakpointStatus() in BreakpointsMediator.stopTrackingBreakpoints(),normal,user-facing bug,needs attention soon
78972,[Dialogs] Search support in the View dialog,enhancement,non-critical feature request,can wait (low urgency)
280027,[target] Use local repository as a source,normal,user-facing bug,needs attention soon
332127,Unclear which file I'm saving if dirty untitled text editors are up during shutdown,normal,user-facing bug,needs attention soon
50150,"site.xsl: Category label should be used, not description",normal,user-facing bug,needs attention soon
30001,FS Import doesn't keep permissions,normal,user-facing bug,needs attention soon
273266,Non-externalized string in org.eclipse.compare.win32/plugin.xml,normal,user-facing bug,needs attention soon
312997,[launch] Launch tabs for different launch delegates incorrectly share launch config attributes,normal,user-facing bug,needs attention soon
258775,[DataBinding] IObservablesListener should be @noextend instead of @noimplement,normal,user-facing bug,needs attention soon
299543,Merging should automatically fill in the common base version,normal,user-facing bug,needs attention soon
115575,[JFace] Window documentation referring to nonexistent method,trivial,non-critical feature request,can wait (low urgency)
139089,[breakpoints] NPE in JavaBreakpoint.fireRemoved () shutting down eclipse with Java Debug session running,normal,system failure / crash,immediate action required
61616,[typing] Tabs in text do not show indent,normal,user-facing bug,needs attention soon
86863,"[API] Move ""selected structure"" API to Debug UI",normal,user-facing bug,needs attention soon
242300,CVS Commit dialog comment pane does not have a context menu,normal,user-facing bug,needs attention soon
10877,NPE launching self-host workspace,normal,system failure / crash,immediate action required
272417,Support for JUnit 4.6,normal,user-facing bug,needs attention soon
19798,"When all perspectives are closed, we should exclude the ""- "" in the window title",normal,user-facing bug,needs attention soon
39030,mouseDown and mouseDoubleClicked events not firing,normal,user-facing bug,needs attention soon
24291,[CVS Core] Compare failed,normal,user-facing bug,needs attention soon
28716,[misc] 'Goto Matching Bracket' fails when 'Show Source of Selected Element Only' is selected,minor,user-facing bug,needs attention soon
57712,[Markers] (regression) Task and Problems view should have selection provider,enhancement,non-critical feature request,can wait (low urgency)
30242,Repositories View: no visual indication that a working set is active,enhancement,non-critical feature request,can wait (low urgency)
80091,"Inclusion and Exclusion Patterns: ""Add..."" and ""Add Multiple..."" are unclear",enhancement,non-critical feature request,can wait (low urgency)
110286,Views order will be changed after eclipse restart,normal,user-facing bug,needs attention soon
25029,[Examples] Unmatched brackets in extension points examples,normal,user-facing bug,needs attention soon
34141,Help dialogs and forms should have access keys,normal,user-facing bug,needs attention soon
52844,[SSH2] support ssh-agent,enhancement,non-critical feature request,can wait (low urgency)
336600,[hovering] Caret lost when selecting text in the Javadoc hover and then click into editor,normal,user-facing bug,needs attention soon
23206,Move multiple files: Bug with progress monitor [Refactoring],normal,user-facing bug,needs attention soon
256798,[services] Services can be called after they are shutdown,normal,user-facing bug,needs attention soon
43966,[rulers] QuickDiff Bar should allow text selection like LineNumber Bar,enhancement,non-critical feature request,can wait (low urgency)
17194,Classpath > Advanced: Cannot append jar to Variable,normal,user-facing bug,needs attention soon
195821,Redraw bug when search pane opened from maximized window,normal,user-facing bug,needs attention soon
209225,Program.findProgram returns null,normal,user-facing bug,needs attention soon
96652,Performance tests failing on Linux-GTK,normal,performance degradation,needs attention soon
91378,Eclipse unexpected exception in OS._gtk_entry_set_text,normal,user-facing bug,needs attention soon
178813,[Workbench] -perspective command line argument causes two perspectives to be opened,minor,user-facing bug,needs attention soon
301817,[CommonNavigator] [Project Explorer] Redraw problem when deleting a folder hierarchy,normal,user-facing bug,needs attention soon
256509,junit bundles in test framework aren't signed,normal,user-facing bug,needs attention soon
93709,[Dialogs] IconAndMessageDialog needs a way set the accessible message,enhancement,non-critical feature request,can wait (low urgency)
272225,Extending selection in tree or table should activate shell,normal,user-facing bug,needs attention soon
116504,Does not play nice with minimized Windows Media Player song info,minor,user-facing bug,needs attention soon
6830,Enable/Disable breakpoint action icon,normal,user-facing bug,needs attention soon
317847,Ant terminates immediately and produces no output,normal,user-facing bug,needs attention soon
91032,Choose Base Class: could be more descriptive on why Base Class cannot be added,minor,user-facing bug,needs attention soon
98526,3.1: tct 151- translation clarification,trivial,non-critical feature request,can wait (low urgency)
27006,Internal error when creating patch on non-existing folder,normal,system failure / crash,immediate action required
110801,individual TreeItems cannot only have images in Tree,normal,user-facing bug,needs attention soon
229987,too many Secure Storage dialogs shown,normal,user-facing bug,needs attention soon
127362,NoSuchMethodError on rendererRenderProc prevents platform startup,blocker,system failure / crash,immediate action required
28074,[Contributions] [startup] eclipse.ui.externaltools loaded on startup,normal,user-facing bug,needs attention soon
101878,Open Declaration w/in string literal shows irrelevant class.,normal,user-facing bug,needs attention soon
40156,CTabFolder's client area is off by a few pixels when there are no tabs,normal,user-facing bug,needs attention soon
208709,cmd-z not working on mac os 10.5 leopard,minor,user-facing bug,needs attention soon
38800,Environment var tab should work like Launch variable page,normal,user-facing bug,needs attention soon
30983,ACC - I20030205 - Can't switch tabs using keyboard,major,user-facing bug,needs attention soon
188511,Update doc referring to startup.jar,major,user-facing bug,needs attention soon
28798,Dirty files detection when committing a package to the CVS.,enhancement,non-critical feature request,can wait (low urgency)
65669,No text copy within Cheat Sheet view,enhancement,non-critical feature request,can wait (low urgency)
11820,[find/replace] find in scope - java only or not,normal,user-facing bug,needs attention soon
268584,update swt custom build scripts to support new publishing task,normal,user-facing bug,needs attention soon
16699,Eclipse should not find classes in plugin's bin directory,normal,user-facing bug,needs attention soon
29209,Class attributes missing buttons in property sheet,normal,user-facing bug,needs attention soon
181616,[StatusHandling] StatusDialog formats a message with no parameters and does not use NLS,major,user-facing bug,needs attention soon
181719,Test with comment should be gray,major,user-facing bug,needs attention soon
100733,[Import/Export]Import project from an existing workspace should not scan .metadata and should not try to import already existing projects,enhancement,non-critical feature request,can wait (low urgency)
33365,[JUNIT] Text fails,normal,user-facing bug,needs attention soon
97838,Pref Page Java/Compiler/Javadoc - mnemonic,trivial,non-critical feature request,can wait (low urgency)
83110,Getting 'xxx is not a child of folder yyy' messages from cvs syncronization,normal,user-facing bug,needs attention soon
102017,"Syntax coloring: keyword ""static"" looks like field",normal,user-facing bug,needs attention soon
77914,MIInferior does not query the target for its running state,normal,user-facing bug,needs attention soon
95456,Source lookup path broken for alternate JRE,normal,user-facing bug,needs attention soon
9912,Batch compiler doesn't put binaries in the right folder when -d is missing,normal,user-facing bug,needs attention soon
31843,"""for - iterate over a collection"" template: incorrect tabs",normal,user-facing bug,needs attention soon
250599,Exception in launching plug-ins in Eclipse 3.4,normal,user-facing bug,needs attention soon
282633,[product] Not possible to select plugins that are contained in a nested feature,normal,user-facing bug,needs attention soon
74340,NPE in IOConsoleViewer,normal,system failure / crash,immediate action required
19013,backgronud color: is it honored?,normal,user-facing bug,needs attention soon
93832,"[Preferences] 0502N build, Preference Search Text control displays selection range without focus.",normal,user-facing bug,needs attention soon
11899,Launch config name collission,normal,user-facing bug,needs attention soon
47393,[GlobalActions] [ViewMgmt] Show view menu has many items,enhancement,non-critical feature request,can wait (low urgency)
131625,Tree adds useless vertical scrollbar,normal,user-facing bug,needs attention soon
74994,[Decorators] DecoratorManager activated on startup of an empty workspace,normal,user-facing bug,needs attention soon
320911,Not all redundant superinterface problems reported,normal,user-facing bug,needs attention soon
117996,Setting a folder as read only should set all its files to read only too,normal,user-facing bug,needs attention soon
220764,[Wizards] WizardDialog.setPageSize() documentation incorrect,normal,user-facing bug,needs attention soon
244985,no problem when adding @noimplement restriction,normal,user-facing bug,needs attention soon
70112,org.eclipse.help.webapp JSPs fail validation,normal,user-facing bug,needs attention soon
75813,[browser] StatusTextEvent not fired when hovering over link on the mac,normal,user-facing bug,needs attention soon
260060,[plug-in registry] show different icons for built-in service properties,enhancement,non-critical feature request,can wait (low urgency)
37481,[hovering] Javadoc to HTML does not recognize special HTML characters,minor,user-facing bug,needs attention soon
36238,CVS repo view - multiple icons with same name under Versions,normal,user-facing bug,needs attention soon
41184,GTK-BIDI: Support of RTL orientation of based SWT widgets,normal,user-facing bug,needs attention soon
320953,No indication of invalid hit count,normal,user-facing bug,needs attention soon
25166,[Key Bindings] ctrl+c ctrl+v does not work,major,user-facing bug,needs attention soon
9482,GPF in open,major,system failure / crash,immediate action required
52812,Quick Hierachy does not show implementations of interface method,normal,user-facing bug,needs attention soon
28946,Expressions pane ceases to display expressions,normal,user-facing bug,needs attention soon
173111,StyledText: Enter ends up in content before keyPressed,normal,user-facing bug,needs attention soon
64484,Exception occurred while terminating a target,normal,user-facing bug,needs attention soon
88464,Auto-update can't update two features at once,major,user-facing bug,needs attention soon
226356,[patch] Build against xulrunner,normal,user-facing bug,needs attention soon
116748,Custom Combo: drop down menu is hard to use,major,user-facing bug,needs attention soon
236674,Specifying an include directory in Toolchain options causes language setting entry to go wrong,normal,user-facing bug,needs attention soon
201607,Fragment wizard should use new working set controls,enhancement,non-critical feature request,can wait (low urgency)
46007,Merge changes not shown in Sync view,critical,system failure / crash,immediate action required
92012,[DetachedView] Redundant activation changes when switching to perspective with detached views,normal,user-facing bug,needs attention soon
62449,[projection] collapse glyph flicker on expand/collapse,normal,user-facing bug,needs attention soon
106216,Search result markers in folded text don't appear in the overview ruler,normal,user-facing bug,needs attention soon
80182,Extension Editor Page of the Plug-in Manifest Editor does not work when changing the target platform,major,user-facing bug,needs attention soon
68375,ref-23 out of date,normal,user-facing bug,needs attention soon
248070,[Help] Easy to overlook search scope makes result list appear incomplete,enhancement,non-critical feature request,can wait (low urgency)
240361,Large SWT Trees cannot be scrolled to the bottom TreeItem.,critical,system failure / crash,immediate action required
48964,Would like to scope Javadoc checking to a set of packages,normal,non-critical feature request,can wait (low urgency)
25744,"Provide ""batch"" source formatting/javadoc generation at the package/project level",enhancement,non-critical feature request,can wait (low urgency)
53857,[rename] rename refactoring confused by syntax error,normal,user-facing bug,needs attention soon
3805,Go to type confusing if binary is selected and libraries are filtered (1GEUL8A),minor,user-facing bug,needs attention soon
47206,Search dialog very wide for long method signature,normal,user-facing bug,needs attention soon
208393,[Markers] Go to Resource should use Open as a title,normal,user-facing bug,needs attention soon
119008,[SSH2 FAQ] extssh asks for password even if already there,normal,security vulnerability,immediate action required
225877,ability to hide certain elements from breadcrumb,enhancement,non-critical feature request,can wait (low urgency)
221898,Modules VM Node is checking for register service not modules service,normal,user-facing bug,needs attention soon
3938,Suggestion for nls tool (1GI3K1B),normal,non-critical feature request,can wait (low urgency)
56695,M8 Cannot edit a custom Code Formatter profile,normal,user-facing bug,needs attention soon
127865,[Preferences] Preference changes not being fired on import,normal,user-facing bug,needs attention soon
5979,Shift-* in Packages view crashed Eclipse,normal,system failure / crash,immediate action required
49247,center Dialogs relative to its parent,enhancement,non-critical feature request,can wait (low urgency)
246079,Indexer hangs on Template code with many Template parameters,normal,system failure / crash,immediate action required
276754,[ViewMgmt] Switching views by Ctrl+PageUp/PageDown must not be caught on the inner tab set,normal,user-facing bug,needs attention soon
295113,"[SWT/AWT] SWT_AWT bridge issue with focus lost in JTable cell when switching between RCP Application and any non Eclipse Application (e.g. Microsoft Excel, Web Browser, etc)",normal,user-facing bug,needs attention soon
27859,[Features] defaultPerspective not displayed at start up,normal,user-facing bug,needs attention soon
83945,[Tags Operations] Moving an existing tag on a local project ignored deleted files,enhancement,non-critical feature request,can wait (low urgency)
337719,[implementation] AbstractTextEditor does not prompt when out of sync in MultiPageEditorPart,normal,user-facing bug,needs attention soon
201295,[DND] Enhance drop-n-drop from view to editor,enhancement,non-critical feature request,can wait (low urgency)
106421,[Memory View] Initial column size preference should be stored by debug target,enhancement,non-critical feature request,can wait (low urgency)
21220,Navigation between projects is not possible,blocker,system failure / crash,immediate action required
290453,[Help] Links in About Eclipse SDK don't work on SLES 11,normal,user-facing bug,needs attention soon
187372,Inlined rename refactoring should use HOME/END keys better,enhancement,non-critical feature request,can wait (low urgency)
7495,DCR - Need to know input elements of a hierarchy,normal,non-critical feature request,can wait (low urgency)
7594,"Menu entry ""Replace with Previous"" shouldn't have a ""...""",normal,user-facing bug,needs attention soon
35339,@inheritedoc no consistently rendered,minor,user-facing bug,needs attention soon
60323,Debug call to join build blocking forever,major,user-facing bug,needs attention soon
243147,[breadcrumb] Should not show Java projects as simple projects,normal,user-facing bug,needs attention soon
75400,[1.5] Wrong type mismatch error reported,normal,user-facing bug,needs attention soon
154454,Support camelcase navigation on PDE forms,enhancement,non-critical feature request,can wait (low urgency)
25705,[2.0.3 Candidate] multiple builds possible during project set import,normal,user-facing bug,needs attention soon
86787,Add list of ignored directories,enhancement,non-critical feature request,can wait (low urgency)
162001,The Chinese locales problem.,critical,system failure / crash,immediate action required
51806,"Tables (or rows, or cells) flicker when updating",normal,user-facing bug,needs attention soon
45670,[CVS Sync View] Sync view does not update with later changes on a second sync,normal,user-facing bug,needs attention soon
145007,"[1.5][javadoc] Generics + Inner Class -> Javadoc ""missing @throws"" warning",minor,user-facing bug,needs attention soon
71213,"NPE in ""Add unimplemented methods"" quick fix [quick fix] [code manipulation]",minor,system failure / crash,immediate action required
52181,Red X remains on package declaration,normal,user-facing bug,needs attention soon
60596,[EditorMgmt] editor chevron barely visible in dark editor bar,normal,user-facing bug,needs attention soon
42147,Java Model Exception,normal,user-facing bug,needs attention soon
146722,search/files/replace on selections halts for a long time,normal,user-facing bug,needs attention soon
106670,[extract constant] Extract constant doesn't remove original expression occurrence.,minor,user-facing bug,needs attention soon
54832,Refactoring: Undo should manage and display non-fatal problems,normal,user-facing bug,needs attention soon
21077,[Help] F1 does not work for all pages in the preferences dialog.,normal,user-facing bug,needs attention soon
76761,[model] ImportContainer.hasChildren() should not return true,normal,user-facing bug,needs attention soon
184419,Button.setSelected(boolean value) doesn't  honour ButtonGroup,critical,system failure / crash,immediate action required
283193,some Table/Tree API work incorrectly when scrolled,normal,user-facing bug,needs attention soon
279250,[pull up] 'pull up' to interface generates unused imports in the interface,normal,user-facing bug,needs attention soon
21245,different disabled toolbar icons on GTK,normal,user-facing bug,needs attention soon
236847,Debug launching of non-buildable project in CDT 4 may fail,normal,user-facing bug,needs attention soon
216637,[p2] Provide p2 properties to PDE build during export/builds,normal,non-critical feature request,can wait (low urgency)
189765,"[Import/Export] TVT33:TCT388: pl: ""import from file system"" panel too wide",major,user-facing bug,needs attention soon
10872,swt exception in history view,normal,user-facing bug,needs attention soon
200698,[introduce factory] 'method already exists' test is to unprecice,normal,user-facing bug,needs attention soon
267991,Internal Error Widget is disposed closing about dialog,normal,system failure / crash,immediate action required
296965,project of selected resource not resolved properly,normal,user-facing bug,needs attention soon
72391,[Content Assist] Content assist keeps adding parentheses,minor,user-facing bug,needs attention soon
29163,SafeRunnable needs to be accessible in JFace,normal,user-facing bug,needs attention soon
36141,Misbehaving property page causes property dialog to fail to open,major,user-facing bug,needs attention soon
131740,ANT runtime properties not set per the ANT 'Runtime' Global properties list,normal,user-facing bug,needs attention soon
90105,[projection] Folding takes a long time to disable on StyledText.java,major,performance degradation,needs attention soon
112356,[syntax highlighting] Syntax highlight isn't applied to auto-unboxed expressions with a cast,normal,user-facing bug,needs attention soon
295825,[formatter] Commentaries are running away after formatting are used,minor,user-facing bug,needs attention soon
137384,[Presentations] ClassCastException in org.eclipse.ui.internal.PartStack line 1305,normal,system failure / crash,immediate action required
8816,Disappearing variables,normal,user-facing bug,needs attention soon
79412,CCE when selecting stack trace element,normal,user-facing bug,needs attention soon
231831,[api] Need customized wizard page rather than JarPackageWizardPage,enhancement,non-critical feature request,can wait (low urgency)
157170,[AST visitor] Unvisited elements,normal,user-facing bug,needs attention soon
108116,[RCP] IDE classes breaking plug-in boundaries for thier Dialog settings,normal,user-facing bug,needs attention soon
252388,Check box shows indeterminate state before checked state,normal,user-facing bug,needs attention soon
290235,[OLE] Problem with using OLE control and setting the max heap size,normal,user-facing bug,needs attention soon
55195,perspective/fastview bar is 1 pixel wide under GTK2.4,normal,user-facing bug,needs attention soon
229514,[WorkingSets] New Working Set wizard shouldn't allow OK if nothing in RHS,normal,non-critical feature request,can wait (low urgency)
218331,[key bindings][content assist] Ctrl (not Command) should toggle insert/overwrite,normal,user-facing bug,needs attention soon
161910,[nls tooling] Missing Hover-Warning when NLS link broken due to empty messages file,minor,user-facing bug,needs attention soon
232349,[pull up] final method in interface makes uncompilable code (multiple methods pulled),minor,user-facing bug,needs attention soon
144749,[Forms] TVT3.2:TCT811: HUN:MANCON - No space for second line,normal,user-facing bug,needs attention soon
326485,"Menu item ""Resource Configurations"" is missing for files excluded from build",normal,user-facing bug,needs attention soon
124874,[CommonNavigator] Open and Open With should have their own enablement logic,normal,user-facing bug,needs attention soon
10136,Selecting a symbol name should be the same as have the caret on it,normal,user-facing bug,needs attention soon
95449,[Browser] Reusing existing browser editor does not activate it,normal,user-facing bug,needs attention soon
153879,[Wizards] configurable size of cvs commit comment history,enhancement,non-critical feature request,can wait (low urgency)
139672,[refactoring] Rename package does not update inclusion/exclusion filters,normal,user-facing bug,needs attention soon
65640,Selection / Copy issue when extra dialog opened,normal,user-facing bug,needs attention soon
242237,Debug View tree overflows view but no (or limited) scroll bar,normal,user-facing bug,needs attention soon
11374,gp: Crash in swt-win32-2026.dll,critical,system failure / crash,immediate action required
176632,[extract local] does not always work correcty with statements/blocks that receive parameters.,minor,user-facing bug,needs attention soon
51781,Top level tasks causing problems,normal,user-facing bug,needs attention soon
43005,SWT-GTK hangs while reading from clipboard (on start-up),minor,system failure / crash,immediate action required
68888,Cannot delete-add Build command in Make Targets,normal,user-facing bug,needs attention soon
15620,"""Run Ant"" argument parser broken after 4/9/02",normal,user-facing bug,needs attention soon
264941,[inline] Comments above a variable declaration disappear,normal,user-facing bug,needs attention soon
247927,123,normal,user-facing bug,needs attention soon
271848,Mirror from context to buildRepo,normal,user-facing bug,needs attention soon
10252,Class StandardVM doubles fields from super class,normal,user-facing bug,needs attention soon
194194,[CModel] scalability of CModelManager.createBindaryFile(),normal,performance degradation,needs attention soon
179275,[search] JavaWorkspaceScope caches all projects and does not refresh,normal,user-facing bug,needs attention soon
225644,launch configs dropping bundles,normal,user-facing bug,needs attention soon
217817,[breadcrumb] polish next/previous buttons,normal,user-facing bug,needs attention soon
315228,Java Will not load,normal,user-facing bug,needs attention soon
194487,Fail to run Ant script in the same JRE when installed at a path with space,critical,system failure / crash,immediate action required
84427,Quick fix for annotations does not function [code manipulation],trivial,non-critical feature request,can wait (low urgency)
22407,Can't set Java project build output folder to different project,enhancement,non-critical feature request,can wait (low urgency)
294746,[plug-in wizard] Descriptions of templates don't fill FormText correctly,normal,user-facing bug,needs attention soon
15494,Eclipse unable to start after update manager activated,critical,system failure / crash,immediate action required
96958,gtk-filechooser is a part of the evil empire!,enhancement,non-critical feature request,can wait (low urgency)
73081,Inconsistant type cast warning.,normal,user-facing bug,needs attention soon
121194,"Problem of binary recognition with Eclipse 3.1, CDT 3.0",normal,user-facing bug,needs attention soon
143527,[Sync] Missing support for Logical model when only 1 model file is selected during the synchronization,normal,user-facing bug,needs attention soon
145803,[CommonNavigator] Project Explorer View does not allow zo define filters,normal,non-critical feature request,can wait (low urgency)
22514,[CVS UI] The CVS Structure Compare view deletes without warning,normal,user-facing bug,needs attention soon
340876,[preferences][content assist] Request for more flexible configuration of content assist lists,enhancement,non-critical feature request,can wait (low urgency)
95816,Exception deleting resources,normal,user-facing bug,needs attention soon
105018,[osgi] PackageAdmin reports incorrect package wiring,normal,user-facing bug,needs attention soon
101252,[Actions] Key binding for Apply patch is missing,normal,user-facing bug,needs attention soon
187646,"[Target][Editors] Content page - Cannot Cntrl-A to select all, get rid of ""Remove All""",enhancement,non-critical feature request,can wait (low urgency)
191605,Empty Team category in Customize Perspective->Shortcuts,normal,user-facing bug,needs attention soon
54657,Templates: Entering ${cursor} variable multiple times,normal,user-facing bug,needs attention soon
2079,[Progress] Replace with TS resource: Label cut off  (1GE4UVV),normal,user-facing bug,needs attention soon
129515,Identation of arrays,enhancement,non-critical feature request,can wait (low urgency)
127902,Focus gets stuck in Expandbar,normal,user-facing bug,needs attention soon
215804,Editor could not be initialized,critical,system failure / crash,immediate action required
93625,Checking consistency of Type History... should be done after type selection dialog is up,normal,user-facing bug,needs attention soon
305230,Browser should specify encoding of LocationEvent#location and align implementations,major,user-facing bug,needs attention soon
87759,MESSAGE Bundle initial@reference:file:g:/eclipse-SDK-3.0.1-win32/eclipse/plugins/org.eclipse.core.runtime_3.0.1/ [1] was not resolved,normal,user-facing bug,needs attention soon
117687,[Contribution] Platform UI logs wrong warnings,normal,user-facing bug,needs attention soon
44485,Better support for Jar source path designation,enhancement,non-critical feature request,can wait (low urgency)
75509,Borders around flat toolbars when using the Industrial theme,normal,user-facing bug,needs attention soon
149019,SWT Browser Event Listeners,enhancement,non-critical feature request,can wait (low urgency)
292648,-fetchTagExclude needed,enhancement,non-critical feature request,can wait (low urgency)
7145,F4 does not work outside type decl,normal,user-facing bug,needs attention soon
308010,[DataBinding] Cannot provide own UpdateValueStrategy for binding in ObservableValueEditingSupport.,normal,non-critical feature request,can wait (low urgency)
83883,[Dialogs] Layout problems with WXGA resolution,normal,user-facing bug,needs attention soon
242498,"Add shortcut to perform file search on current buffer, current buffers",enhancement,non-critical feature request,can wait (low urgency)
203240,Permission of .cproject file seems not to be considered anywhere on writing data,critical,system failure / crash,immediate action required
160481,Allow to display matches using CNF model,enhancement,non-critical feature request,can wait (low urgency)
303286,API builder throws error when deleting a project,major,user-facing bug,needs attention soon
126234,[browser] files with embedded content causes keybinding loss,normal,user-facing bug,needs attention soon
304024,BrowserInformationControl leaks TextLayout,normal,user-facing bug,needs attention soon
7422,Missing project references on some imported Java projects,normal,user-facing bug,needs attention soon
245554,Cannot find and read bundle.info in a shared install,normal,user-facing bug,needs attention soon
60471,"Eclipse stops responding to mouse, NullPointerException on shutdown",normal,system failure / crash,immediate action required
96929,[Graphics] White view menu icon,normal,user-facing bug,needs attention soon
339274,[Test] Web Service test failing if CDT installed,normal,user-facing bug,needs attention soon
41676,[CommandMgmt] Next/Previous in Search view no longer working,normal,user-facing bug,needs attention soon
17319,NPE in text search/replace,major,system failure / crash,immediate action required
176158,Tool tip flickers,normal,user-facing bug,needs attention soon
7456,Error message with overloaded methods is confusing,normal,user-facing bug,needs attention soon
19795,asdfasdf,enhancement,non-critical feature request,can wait (low urgency)
304042,Launching from the product editor fails in I20100224-2242,normal,user-facing bug,needs attention soon
176855,[heap walking] All Instances and All References key bindings are the same,minor,user-facing bug,needs attention soon
3527,Source Annotation Property page: Various bugs (1G4CT78),minor,user-facing bug,needs attention soon
114316,Some times not shutting down correctly,normal,user-facing bug,needs attention soon
65782,New file not in correct order in package explorer [package explorer],normal,user-facing bug,needs attention soon
185308,Eclipse 3.1.2 is not yet Supported on HP-UX Itanium,major,user-facing bug,needs attention soon
49853,"Persist size of ""add step filter"" dialog",enhancement,non-critical feature request,can wait (low urgency)
32740,[Viewers] CheckStateChangedEvent never happens for ICheckStateListener in CheckboxTableViewer,major,user-facing bug,needs attention soon
4800,Timings vs. Sun JDK on image loading/creation/drawing (1GIVMG8),normal,user-facing bug,needs attention soon
144874,[Forms] FormToolkit uses a hardcoded color to distinguish between themed and classic XP,normal,user-facing bug,needs attention soon
2888,[JFace] JFace: label decorators don't get disposed on removal (1GKDA34),normal,user-facing bug,needs attention soon
157819,[jobs] Allow jobs to specify RW locks for scheduling,enhancement,non-critical feature request,can wait (low urgency)
293261,Unable to create runtime classpath entry for unknown type org.eclipse.ant.ui.classpathentry.antHome,normal,user-facing bug,needs attention soon
205164,[Contributions] EditorAction cannot be of type pull-down,normal,user-facing bug,needs attention soon
67694,TVT3.0:  Truncated widget in CDT preferences page,normal,user-facing bug,needs attention soon
232973,[ds] removing IDSComponent moveChild method,normal,user-facing bug,needs attention soon
74152,url search result error while using maxHits and scope parameters together,normal,user-facing bug,needs attention soon
305096,Fullscreen mode doesn't cover the windows taskbar on Windows 7,normal,user-facing bug,needs attention soon
79583,Deffered breakpoints and shared library events.,normal,user-facing bug,needs attention soon
6546,Missing mnemonics in Team preferences,normal,non-critical feature request,can wait (low urgency)
90146,StyleRange's underline style is drawn at base line instead of descender line,normal,user-facing bug,needs attention soon
9318,no context menu on views in the 'fast view toolbar',normal,user-facing bug,needs attention soon
50141,[content assist] autocompletion not working in static context,normal,user-facing bug,needs attention soon
177723,[preferences] Content Assist preference page should link to type filters,enhancement,non-critical feature request,can wait (low urgency)
103858,[CheatSheets] JUnit test cases for Cheatsheets,enhancement,non-critical feature request,can wait (low urgency)
232606,[LR parser] content assist not working in base specifier list,normal,user-facing bug,needs attention soon
43267,File Updates / Refresh problems with Versioning systems,normal,user-facing bug,needs attention soon
217824,Target no longer start after importing binary plug-ins,critical,system failure / crash,immediate action required
153365,DirectoryDialog's setFilterPath() has no effect,normal,user-facing bug,needs attention soon
35994,Nested features show %featureName for description in Update Manager,normal,user-facing bug,needs attention soon
73686,Features with multiple categories require that all categories be selected in order to install them,normal,user-facing bug,needs attention soon
3950,Type Hierarchy View has apparent absolute path in title bar (1GF7XJR),major,user-facing bug,needs attention soon
282482,AutoBuildJob *always* throws events even if not active?,critical,system failure / crash,immediate action required
262877,The JavaModel object needs to be handled by the JavaNavigatorLabelProvider,normal,user-facing bug,needs attention soon
103842,"""Omit all symbol information"" seems to pass incorrect flag",normal,user-facing bug,needs attention soon
223804,registry view filter should support java-like names,enhancement,non-critical feature request,can wait (low urgency)
8047,Internal error changing CVS project properties,normal,system failure / crash,immediate action required
79695,[EditorMgmt] Clicking the close icon of an open resources should not synch navigator,normal,user-facing bug,needs attention soon
21194,Filtered organize imports and code assist [code manipulation] [editor],enhancement,non-critical feature request,can wait (low urgency)
339022,[reconciling] ASTProviderTest fails and is not in CoreTests suite,normal,user-facing bug,needs attention soon
34338,Deleting a new folder does not update dirty state,normal,user-facing bug,needs attention soon
186463,[JSR269] publish limitations of java 6 processing,minor,user-facing bug,needs attention soon
